Webinar ID,Title,Interest Rating,Last Name,First Name,Phone Number,Email Address,Engagement Type,Engagement Count(Per Person),Date Asked,Time Asked,Date Answered,Time Answered,Question Asked,Answer Given,Attended,Join Time - Leave Time (Time in Session),Time In Session,Day,Date,Actual Duration
706213083,Mental Health Careers HPC Session,96,Student-1,Student-1,Student-1,Student-1,Q&A,2,09/17/2020,01:54:20 PM PDT,,,What are some good colleges to receive your degrees for these careers?,,Yes,"09/17/2020 12:44 PM PDT - 09/17/2020 12:45 PM PDT (2 minutes),09/17/2020 12:55 PM PDT - 09/17/2020 02:02 PM PDT (1 hour 8 minutes)",1 hour 9 minutes,Thu,09/17/2020,1 hour 31 minutes
706213083,Mental Health Careers HPC Session,96,Student-1,Student-1,Student-1,Student-1,Q&A,3,09/17/2020,01:56:56 PM PDT,,,Any pros and cons about these careers? And also what are some things that you struggled with as far as college?,,Yes,"09/17/2020 12:44 PM PDT - 09/17/2020 12:45 PM PDT (2 minutes),09/17/2020 12:55 PM PDT - 09/17/2020 02:02 PM PDT (1 hour 8 minutes)",1 hour 9 minutes,Thu,09/17/2020,1 hour 31 minutes
706213083,Mental Health Careers HPC Session,96,Student-1,Student-1,Student-1,Student-1,Poll,4,n/a,n/a,09/17/2020,02:00:28 PM PDT,How informed are you about careers in Mental Health? (Post),Very Informed,Yes,"09/17/2020 12:44 PM PDT - 09/17/2020 12:45 PM PDT (2 minutes),09/17/2020 12:55 PM PDT - 09/17/2020 02:02 PM PDT (1 hour 8 minutes)",1 hour 9 minutes,Thu,09/17/2020,1 hour 31 minutes
706213083,Mental Health Careers HPC Session,96,Student-1,Student-1,Student-1,Student-1,Poll,5,n/a,n/a,09/17/2020,01:54:39 PM PDT,Which of the following careers in Behavioral Health interests you most?,Other,Yes,"09/17/2020 12:44 PM PDT - 09/17/2020 12:45 PM PDT (2 minutes),09/17/2020 12:55 PM PDT - 09/17/2020 02:02 PM PDT (1 hour 8 minutes)",1 hour 9 minutes,Thu,09/17/2020,1 hour 31 minutes
706213083,Mental Health Careers HPC Session,96,Student-1,Student-1,Student-1,Student-1,Poll,6,n/a,n/a,09/17/2020,01:08:52 PM PDT,How informed are you about careers in Mental Health?,Somewhat informed,Yes,"09/17/2020 12:44 PM PDT - 09/17/2020 12:45 PM PDT (2 minutes),09/17/2020 12:55 PM PDT - 09/17/2020 02:02 PM PDT (1 hour 8 minutes)",1 hour 9 minutes,Thu,09/17/2020,1 hour 31 minutes
706213083,Mental Health Careers HPC Session,96,Student-1,Student-1,Student-1,Student-1,Poll,7,n/a,n/a,09/17/2020,02:00:51 PM PDT,How interested are you in pursuing a career in Mental Health (Post),Very Interested,Yes,"09/17/2020 12:44 PM PDT - 09/17/2020 12:45 PM PDT (2 minutes),09/17/2020 12:55 PM PDT - 09/17/2020 02:02 PM PDT (1 hour 8 minutes)",1 hour 9 minutes,Thu,09/17/2020,1 hour 31 minutes
706213083,Mental Health Careers HPC Session,81,Student-2,Student-2,Student-2,Student-2,Poll,1,n/a,n/a,09/17/2020,02:00:28 PM PDT,How informed are you about careers in Mental Health? (Post),Very Informed,Yes,"09/17/2020 12:59 PM PDT - 09/17/2020 01:07 PM PDT (9 minutes),09/17/2020 01:15 PM PDT - 09/17/2020 02:02 PM PDT (47 minutes)",56 minutes,Thu,09/17/2020,1 hour 31 minutes
706213083,Mental Health Careers HPC Session,81,Student-2,Student-2,Student-2,Student-2,Poll,2,n/a,n/a,09/17/2020,01:54:39 PM PDT,Which of the following careers in Behavioral Health interests you most?,Other,Yes,"09/17/2020 12:59 PM PDT - 09/17/2020 01:07 PM PDT (9 minutes),09/17/2020 01:15 PM PDT - 09/17/2020 02:02 PM PDT (47 minutes)",56 minutes,Thu,09/17/2020,1 hour 31 minutes
706213083,Mental Health Careers HPC Session,81,Student-2,Student-2,Student-2,Student-2,Poll,3,n/a,n/a,09/17/2020,02:00:50 PM PDT,How interested are you in pursuing a career in Mental Health (Post),Very Interested,Yes,"09/17/2020 12:59 PM PDT - 09/17/2020 01:07 PM PDT (9 minutes),09/17/2020 01:15 PM PDT - 09/17/2020 02:02 PM PDT (47 minutes)",56 minutes,Thu,09/17/2020,1 hour 31 minutes
706213083,Mental Health Careers HPC Session,81,Student-2,Student-2,Student-2,Student-2,Survey,4,n/a,n/a,09/17/2020,02:08:35 PM PDT,What did you learn from this session?,I learned something new that is useful to me.,Yes,"09/17/2020 12:59 PM PDT - 09/17/2020 01:07 PM PDT (9 minutes),09/17/2020 01:15 PM PDT - 09/17/2020 02:02 PM PDT (47 minutes)",56 minutes,Thu,09/17/2020,1 hour 31 minutes
706213083,Mental Health Careers HPC Session,81,Student-2,Student-2,Student-2,Student-2,Survey,5,n/a,n/a,09/17/2020,02:08:35 PM PDT,What suggestions do you have for making the virtual HPC session better?,"Nope, worked perfectly !",Yes,"09/17/2020 12:59 PM PDT - 09/17/2020 01:07 PM PDT (9 minutes),09/17/2020 01:15 PM PDT - 09/17/2020 02:02 PM PDT (47 minutes)",56 minutes,Thu,09/17/2020,1 hour 31 minutes
706213083,Mental Health Careers HPC Session,81,Student-2,Student-2,Student-2,Student-2,Survey,6,n/a,n/a,09/17/2020,02:08:35 PM PDT,Please share what you learned from this session.,"I learned that depending on the career, it can take a long time to practice and perfect, like psychiatry. It also broadened some concepts that I already knew generally about psychology.",Yes,"09/17/2020 12:59 PM PDT - 09/17/2020 01:07 PM PDT (9 minutes),09/17/2020 01:15 PM PDT - 09/17/2020 02:02 PM PDT (47 minutes)",56 minutes,Thu,09/17/2020,1 hour 31 minutes
706213083,Mental Health Careers HPC Session,81,Student-2,Student-2,Student-2,Student-2,Survey,7,n/a,n/a,09/17/2020,02:08:35 PM PDT,How likely is it that you would recommend the Health Professions Conference session to a friend?,8,Yes,"09/17/2020 12:59 PM PDT - 09/17/2020 01:07 PM PDT (9 minutes),09/17/2020 01:15 PM PDT - 09/17/2020 02:02 PM PDT (47 minutes)",56 minutes,Thu,09/17/2020,1 hour 31 minutes
706213083,Mental Health Careers HPC Session,81,Student-2,Student-2,Student-2,Student-2,Survey,8,n/a,n/a,09/17/2020,02:08:35 PM PDT,What school do you attend?,Eleanor Roosevelt High School,Yes,"09/17/2020 12:59 PM PDT - 09/17/2020 01:07 PM PDT (9 minutes),09/17/2020 01:15 PM PDT - 09/17/2020 02:02 PM PDT (47 minutes)",56 minutes,Thu,09/17/2020,1 hour 31 minutes
706213083,Mental Health Careers HPC Session,93,Student-3,Student-3,Student-3,Student-3,Poll,1,n/a,n/a,09/17/2020,02:00:28 PM PDT,How informed are you about careers in Mental Health? (Post),Very Uninformed,Yes,09/17/2020 01:04 PM PDT - 09/17/2020 02:02 PM PDT (59 minutes),59 minutes,Thu,09/17/2020,1 hour 31 minutes
706213083,Mental Health Careers HPC Session,93,Student-3,Student-3,Student-3,Student-3,Poll,2,n/a,n/a,09/17/2020,01:54:39 PM PDT,Which of the following careers in Behavioral Health interests you most?,"Clinical Therapist (MFT, LCSW, PCC)",Yes,09/17/2020 01:04 PM PDT - 09/17/2020 02:02 PM PDT (59 minutes),59 minutes,Thu,09/17/2020,1 hour 31 minutes
706213083,Mental Health Careers HPC Session,93,Student-3,Student-3,Student-3,Student-3,Poll,3,n/a,n/a,09/17/2020,01:10:35 PM PDT,How interested are you in pursuing a career in mental health?,Somewhat interested,Yes,09/17/2020 01:04 PM PDT - 09/17/2020 02:02 PM PDT (59 minutes),59 minutes,Thu,09/17/2020,1 hour 31 minutes
706213083,Mental Health Careers HPC Session,93,Student-3,Student-3,Student-3,Student-3,Poll,4,n/a,n/a,09/17/2020,02:00:50 PM PDT,How interested are you in pursuing a career in Mental Health (Post),Somewhat Interested,Yes,09/17/2020 01:04 PM PDT - 09/17/2020 02:02 PM PDT (59 minutes),59 minutes,Thu,09/17/2020,1 hour 31 minutes
706213083,Mental Health Careers HPC Session,93,Student-4,Student-4,Student-4,Student-4,Poll,1,n/a,n/a,09/17/2020,02:00:28 PM PDT,How informed are you about careers in Mental Health? (Post),Somewhat Informed,Yes,09/17/2020 01:03 PM PDT - 09/17/2020 02:02 PM PDT (59 minutes),59 minutes,Thu,09/17/2020,1 hour 31 minutes
706213083,Mental Health Careers HPC Session,93,Student-4,Student-4,Student-4,Student-4,Poll,2,n/a,n/a,09/17/2020,01:08:52 PM PDT,How informed are you about careers in Mental Health?,Somewhat informed,Yes,09/17/2020 01:03 PM PDT - 09/17/2020 02:02 PM PDT (59 minutes),59 minutes,Thu,09/17/2020,1 hour 31 minutes
706213083,Mental Health Careers HPC Session,93,Student-4,Student-4,Student-4,Student-4,Poll,3,n/a,n/a,09/17/2020,02:00:50 PM PDT,How interested are you in pursuing a career in Mental Health (Post),Somewhat Interested,Yes,09/17/2020 01:03 PM PDT - 09/17/2020 02:02 PM PDT (59 minutes),59 minutes,Thu,09/17/2020,1 hour 31 minutes
706213083,Mental Health Careers HPC Session,93,Student-4,Student-4,Student-4,Student-4,Survey,4,n/a,n/a,09/17/2020,02:04:05 PM PDT,What did you learn from this session?,I learned something new but I am not sure how it applies to me.,Yes,09/17/2020 01:03 PM PDT - 09/17/2020 02:02 PM PDT (59 minutes),59 minutes,Thu,09/17/2020,1 hour 31 minutes
706213083,Mental Health Careers HPC Session,93,Student-4,Student-4,Student-4,Student-4,Survey,5,n/a,n/a,09/17/2020,02:04:05 PM PDT,What suggestions do you have for making the virtual HPC session better?,I enjoyed taking the surverys/polls. Perhaps you could improve by having more of those throughout more of the session.,Yes,09/17/2020 01:03 PM PDT - 09/17/2020 02:02 PM PDT (59 minutes),59 minutes,Thu,09/17/2020,1 hour 31 minutes
706213083,Mental Health Careers HPC Session,93,Student-4,Student-4,Student-4,Student-4,Survey,6,n/a,n/a,09/17/2020,02:04:05 PM PDT,Please share what you learned from this session.,I learned the difference between a behavioral problem and a behavioral disorder and also what it takes to work in one of these professions.,Yes,09/17/2020 01:03 PM PDT - 09/17/2020 02:02 PM PDT (59 minutes),59 minutes,Thu,09/17/2020,1 hour 31 minutes
706213083,Mental Health Careers HPC Session,93,Student-4,Student-4,Student-4,Student-4,Survey,7,n/a,n/a,09/17/2020,02:04:05 PM PDT,How likely is it that you would recommend the Health Professions Conference session to a friend?,6,Yes,09/17/2020 01:03 PM PDT - 09/17/2020 02:02 PM PDT (59 minutes),59 minutes,Thu,09/17/2020,1 hour 31 minutes
706213083,Mental Health Careers HPC Session,93,Student-4,Student-4,Student-4,Student-4,Survey,8,n/a,n/a,09/17/2020,02:04:05 PM PDT,What school do you attend?,Corona High School,Yes,09/17/2020 01:03 PM PDT - 09/17/2020 02:02 PM PDT (59 minutes),59 minutes,Thu,09/17/2020,1 hour 31 minutes
706213083,Mental Health Careers HPC Session,97,Student-5,Student-5,Student-5,Student-5,Poll,1,n/a,n/a,09/17/2020,02:00:28 PM PDT,How informed are you about careers in Mental Health? (Post),Very Informed,Yes,09/17/2020 12:50 PM PDT - 09/17/2020 02:02 PM PDT (1 hour 12 minutes),1 hour 12 minutes,Thu,09/17/2020,1 hour 31 minutes
706213083,Mental Health Careers HPC Session,97,Student-5,Student-5,Student-5,Student-5,Poll,2,n/a,n/a,09/17/2020,01:54:39 PM PDT,Which of the following careers in Behavioral Health interests you most?,"Clinical Therapist (MFT, LCSW, PCC)",Yes,09/17/2020 12:50 PM PDT - 09/17/2020 02:02 PM PDT (1 hour 12 minutes),1 hour 12 minutes,Thu,09/17/2020,1 hour 31 minutes
706213083,Mental Health Careers HPC Session,97,Student-5,Student-5,Student-5,Student-5,Poll,3,n/a,n/a,09/17/2020,01:10:35 PM PDT,How interested are you in pursuing a career in mental health?,Very interested,Yes,09/17/2020 12:50 PM PDT - 09/17/2020 02:02 PM PDT (1 hour 12 minutes),1 hour 12 minutes,Thu,09/17/2020,1 hour 31 minutes
706213083,Mental Health Careers HPC Session,97,Student-5,Student-5,Student-5,Student-5,Poll,4,n/a,n/a,09/17/2020,01:08:52 PM PDT,How informed are you about careers in Mental Health?,Somewhat uninformed,Yes,09/17/2020 12:50 PM PDT - 09/17/2020 02:02 PM PDT (1 hour 12 minutes),1 hour 12 minutes,Thu,09/17/2020,1 hour 31 minutes
706213083,Mental Health Careers HPC Session,97,Student-5,Student-5,Student-5,Student-5,Poll,5,n/a,n/a,09/17/2020,02:00:51 PM PDT,How interested are you in pursuing a career in Mental Health (Post),Very Interested,Yes,09/17/2020 12:50 PM PDT - 09/17/2020 02:02 PM PDT (1 hour 12 minutes),1 hour 12 minutes,Thu,09/17/2020,1 hour 31 minutes
706213083,Mental Health Careers HPC Session,97,Student-5,Student-5,Student-5,Student-5,Survey,6,n/a,n/a,09/17/2020,02:05:26 PM PDT,What did you learn from this session?,I learned something new that is useful to me.,Yes,09/17/2020 12:50 PM PDT - 09/17/2020 02:02 PM PDT (1 hour 12 minutes),1 hour 12 minutes,Thu,09/17/2020,1 hour 31 minutes
706213083,Mental Health Careers HPC Session,97,Student-5,Student-5,Student-5,Student-5,Survey,7,n/a,n/a,09/17/2020,02:05:26 PM PDT,What suggestions do you have for making the virtual HPC session better?,I believe this meeting was great and very informative.,Yes,09/17/2020 12:50 PM PDT - 09/17/2020 02:02 PM PDT (1 hour 12 minutes),1 hour 12 minutes,Thu,09/17/2020,1 hour 31 minutes
706213083,Mental Health Careers HPC Session,97,Student-5,Student-5,Student-5,Student-5,Survey,8,n/a,n/a,09/17/2020,02:05:26 PM PDT,Please share what you learned from this session.,I learned that there is a difference between having a Behavioral Health Disorder and having a Behavioral Health Problem.,Yes,09/17/2020 12:50 PM PDT - 09/17/2020 02:02 PM PDT (1 hour 12 minutes),1 hour 12 minutes,Thu,09/17/2020,1 hour 31 minutes
706213083,Mental Health Careers HPC Session,97,Student-5,Student-5,Student-5,Student-5,Survey,9,n/a,n/a,09/17/2020,02:05:26 PM PDT,How likely is it that you would recommend the Health Professions Conference session to a friend?,10,Yes,09/17/2020 12:50 PM PDT - 09/17/2020 02:02 PM PDT (1 hour 12 minutes),1 hour 12 minutes,Thu,09/17/2020,1 hour 31 minutes
706213083,Mental Health Careers HPC Session,97,Student-5,Student-5,Student-5,Student-5,Survey,10,n/a,n/a,09/17/2020,02:05:26 PM PDT,What school do you attend?,Cajon High School,Yes,09/17/2020 12:50 PM PDT - 09/17/2020 02:02 PM PDT (1 hour 12 minutes),1 hour 12 minutes,Thu,09/17/2020,1 hour 31 minutes
706213083,Mental Health Careers HPC Session,86,Student-6,Student-6,Student-6,Student-6,Survey,1,n/a,n/a,09/17/2020,01:59:21 PM PDT,What did you learn from this session?,I learned something new but I am not sure how it applies to me.,Yes,09/17/2020 12:55 PM PDT - 09/17/2020 01:58 PM PDT (1 hour 4 minutes),1 hour 4 minutes,Thu,09/17/2020,1 hour 31 minutes
706213083,Mental Health Careers HPC Session,86,Student-6,Student-6,Student-6,Student-6,Survey,2,n/a,n/a,09/17/2020,01:59:21 PM PDT,What suggestions do you have for making the virtual HPC session better?,im unsure,Yes,09/17/2020 12:55 PM PDT - 09/17/2020 01:58 PM PDT (1 hour 4 minutes),1 hour 4 minutes,Thu,09/17/2020,1 hour 31 minutes
706213083,Mental Health Careers HPC Session,86,Student-6,Student-6,Student-6,Student-6,Survey,3,n/a,n/a,09/17/2020,01:59:21 PM PDT,Please share what you learned from this session.,The steps to become a psychologist,Yes,09/17/2020 12:55 PM PDT - 09/17/2020 01:58 PM PDT (1 hour 4 minutes),1 hour 4 minutes,Thu,09/17/2020,1 hour 31 minutes
706213083,Mental Health Careers HPC Session,86,Student-6,Student-6,Student-6,Student-6,Survey,4,n/a,n/a,09/17/2020,01:59:21 PM PDT,How likely is it that you would recommend the Health Professions Conference session to a friend?,5,Yes,09/17/2020 12:55 PM PDT - 09/17/2020 01:58 PM PDT (1 hour 4 minutes),1 hour 4 minutes,Thu,09/17/2020,1 hour 31 minutes
706213083,Mental Health Careers HPC Session,86,Student-6,Student-6,Student-6,Student-6,Survey,5,n/a,n/a,09/17/2020,01:59:21 PM PDT,What school do you attend?,Cajon high school,Yes,09/17/2020 12:55 PM PDT - 09/17/2020 01:58 PM PDT (1 hour 4 minutes),1 hour 4 minutes,Thu,09/17/2020,1 hour 31 minutes
706213083,Mental Health Careers HPC Session,81,Student-7,Student-7,Student-7,Student-7,Poll,1,n/a,n/a,09/17/2020,02:00:50 PM PDT,How interested are you in pursuing a career in Mental Health (Post),Very Interested,Yes,09/17/2020 01:25 PM PDT - 09/17/2020 02:02 PM PDT (37 minutes),37 minutes,Thu,09/17/2020,1 hour 31 minutes
706213083,Mental Health Careers HPC Session,81,Student-7,Student-7,Student-7,Student-7,Survey,2,n/a,n/a,09/17/2020,02:02:56 PM PDT,What did you learn from this session?,null,Yes,09/17/2020 01:25 PM PDT - 09/17/2020 02:02 PM PDT (37 minutes),37 minutes,Thu,09/17/2020,1 hour 31 minutes
706213083,Mental Health Careers HPC Session,81,Student-7,Student-7,Student-7,Student-7,Survey,3,n/a,n/a,09/17/2020,02:02:56 PM PDT,What suggestions do you have for making the virtual HPC session better?,,Yes,09/17/2020 01:25 PM PDT - 09/17/2020 02:02 PM PDT (37 minutes),37 minutes,Thu,09/17/2020,1 hour 31 minutes
706213083,Mental Health Careers HPC Session,81,Student-7,Student-7,Student-7,Student-7,Survey,4,n/a,n/a,09/17/2020,02:02:56 PM PDT,Please share what you learned from this session.,,Yes,09/17/2020 01:25 PM PDT - 09/17/2020 02:02 PM PDT (37 minutes),37 minutes,Thu,09/17/2020,1 hour 31 minutes
706213083,Mental Health Careers HPC Session,81,Student-7,Student-7,Student-7,Student-7,Survey,5,n/a,n/a,09/17/2020,02:02:56 PM PDT,How likely is it that you would recommend the Health Professions Conference session to a friend?,null,Yes,09/17/2020 01:25 PM PDT - 09/17/2020 02:02 PM PDT (37 minutes),37 minutes,Thu,09/17/2020,1 hour 31 minutes
706213083,Mental Health Careers HPC Session,81,Student-7,Student-7,Student-7,Student-7,Survey,6,n/a,n/a,09/17/2020,02:02:56 PM PDT,What school do you attend?,,Yes,09/17/2020 01:25 PM PDT - 09/17/2020 02:02 PM PDT (37 minutes),37 minutes,Thu,09/17/2020,1 hour 31 minutes
706213083,Mental Health Careers HPC Session,87,Student-8,Student-8,Student-8,Student-8,Survey,1,n/a,n/a,09/17/2020,02:32:24 PM PDT,What did you learn from this session?,I learned something new that is useful to me.,Yes,09/17/2020 12:55 PM PDT - 09/17/2020 02:02 PM PDT (1 hour 7 minutes),1 hour 7 minutes,Thu,09/17/2020,1 hour 31 minutes
706213083,Mental Health Careers HPC Session,87,Student-8,Student-8,Student-8,Student-8,Survey,2,n/a,n/a,09/17/2020,02:32:24 PM PDT,What suggestions do you have for making the virtual HPC session better?,Really good presentation overall,Yes,09/17/2020 12:55 PM PDT - 09/17/2020 02:02 PM PDT (1 hour 7 minutes),1 hour 7 minutes,Thu,09/17/2020,1 hour 31 minutes
706213083,Mental Health Careers HPC Session,87,Student-8,Student-8,Student-8,Student-8,Survey,3,n/a,n/a,09/17/2020,02:32:24 PM PDT,Please share what you learned from this session.,I learned how important maintaining a good mental health is especially in our current times,Yes,09/17/2020 12:55 PM PDT - 09/17/2020 02:02 PM PDT (1 hour 7 minutes),1 hour 7 minutes,Thu,09/17/2020,1 hour 31 minutes
706213083,Mental Health Careers HPC Session,87,Student-8,Student-8,Student-8,Student-8,Survey,4,n/a,n/a,09/17/2020,02:32:24 PM PDT,How likely is it that you would recommend the Health Professions Conference session to a friend?,10,Yes,09/17/2020 12:55 PM PDT - 09/17/2020 02:02 PM PDT (1 hour 7 minutes),1 hour 7 minutes,Thu,09/17/2020,1 hour 31 minutes
706213083,Mental Health Careers HPC Session,87,Student-8,Student-8,Student-8,Student-8,Survey,5,n/a,n/a,09/17/2020,02:32:24 PM PDT,What school do you attend?,Corona High School,Yes,09/17/2020 12:55 PM PDT - 09/17/2020 02:02 PM PDT (1 hour 7 minutes),1 hour 7 minutes,Thu,09/17/2020,1 hour 31 minutes
706213083,Mental Health Careers HPC Session,96,Student-9,Student-9,Student-9,Student-9,Poll,1,n/a,n/a,09/17/2020,02:00:28 PM PDT,How informed are you about careers in Mental Health? (Post),Very Informed,Yes,09/17/2020 12:59 PM PDT - 09/17/2020 02:02 PM PDT (1 hour 3 minutes),1 hour 3 minutes,Thu,09/17/2020,1 hour 31 minutes
706213083,Mental Health Careers HPC Session,96,Student-9,Student-9,Student-9,Student-9,Poll,2,n/a,n/a,09/17/2020,01:54:39 PM PDT,Which of the following careers in Behavioral Health interests you most?,"Community Advocate (Peer Support, Behavioral H. Specialist)",Yes,09/17/2020 12:59 PM PDT - 09/17/2020 02:02 PM PDT (1 hour 3 minutes),1 hour 3 minutes,Thu,09/17/2020,1 hour 31 minutes
706213083,Mental Health Careers HPC Session,96,Student-9,Student-9,Student-9,Student-9,Poll,3,n/a,n/a,09/17/2020,01:10:35 PM PDT,How interested are you in pursuing a career in mental health?,Very interested,Yes,09/17/2020 12:59 PM PDT - 09/17/2020 02:02 PM PDT (1 hour 3 minutes),1 hour 3 minutes,Thu,09/17/2020,1 hour 31 minutes
706213083,Mental Health Careers HPC Session,96,Student-9,Student-9,Student-9,Student-9,Poll,4,n/a,n/a,09/17/2020,01:08:52 PM PDT,How informed are you about careers in Mental Health?,Somewhat informed,Yes,09/17/2020 12:59 PM PDT - 09/17/2020 02:02 PM PDT (1 hour 3 minutes),1 hour 3 minutes,Thu,09/17/2020,1 hour 31 minutes
706213083,Mental Health Careers HPC Session,96,Student-9,Student-9,Student-9,Student-9,Poll,5,n/a,n/a,09/17/2020,02:00:50 PM PDT,How interested are you in pursuing a career in Mental Health (Post),Very Interested,Yes,09/17/2020 12:59 PM PDT - 09/17/2020 02:02 PM PDT (1 hour 3 minutes),1 hour 3 minutes,Thu,09/17/2020,1 hour 31 minutes
706213083,Mental Health Careers HPC Session,96,Student-9,Student-9,Student-9,Student-9,Survey,6,n/a,n/a,09/17/2020,02:06:04 PM PDT,What did you learn from this session?,I learned something new that is useful to me.,Yes,09/17/2020 12:59 PM PDT - 09/17/2020 02:02 PM PDT (1 hour 3 minutes),1 hour 3 minutes,Thu,09/17/2020,1 hour 31 minutes
706213083,Mental Health Careers HPC Session,96,Student-9,Student-9,Student-9,Student-9,Survey,7,n/a,n/a,09/17/2020,02:06:04 PM PDT,What suggestions do you have for making the virtual HPC session better?,"It would be more convenient if we were to interact with the speaker and have them read the chat while the presentation is going on rather than waiting until the end, but in doing this, it'd probably take up more time. I don't know about other students, but I wouldn't mind being in the meeting for a little longer.",Yes,09/17/2020 12:59 PM PDT - 09/17/2020 02:02 PM PDT (1 hour 3 minutes),1 hour 3 minutes,Thu,09/17/2020,1 hour 31 minutes
706213083,Mental Health Careers HPC Session,96,Student-9,Student-9,Student-9,Student-9,Survey,8,n/a,n/a,09/17/2020,02:06:04 PM PDT,Please share what you learned from this session.,I learned the steps you need to take to become a psychologist or psychiatrist.,Yes,09/17/2020 12:59 PM PDT - 09/17/2020 02:02 PM PDT (1 hour 3 minutes),1 hour 3 minutes,Thu,09/17/2020,1 hour 31 minutes
706213083,Mental Health Careers HPC Session,96,Student-9,Student-9,Student-9,Student-9,Survey,9,n/a,n/a,09/17/2020,02:06:04 PM PDT,How likely is it that you would recommend the Health Professions Conference session to a friend?,10,Yes,09/17/2020 12:59 PM PDT - 09/17/2020 02:02 PM PDT (1 hour 3 minutes),1 hour 3 minutes,Thu,09/17/2020,1 hour 31 minutes
706213083,Mental Health Careers HPC Session,96,Student-9,Student-9,Student-9,Student-9,Survey,10,n/a,n/a,09/17/2020,02:06:04 PM PDT,What school do you attend?,Cajon High School,Yes,09/17/2020 12:59 PM PDT - 09/17/2020 02:02 PM PDT (1 hour 3 minutes),1 hour 3 minutes,Thu,09/17/2020,1 hour 31 minutes
706213083,Mental Health Careers HPC Session,86,Student-10,Student-10,Student-10,Student-10,Poll,5,n/a,n/a,09/17/2020,01:10:35 PM PDT,How interested are you in pursuing a career in mental health?,Very interested,Yes,09/17/2020 01:04 PM PDT - 09/17/2020 01:19 PM PDT (15 minutes),15 minutes,Thu,09/17/2020,1 hour 31 minutes
706213083,Mental Health Careers HPC Session,86,Student-10,Student-10,Student-10,Student-10,Poll,6,n/a,n/a,09/17/2020,01:08:52 PM PDT,How informed are you about careers in Mental Health?,Somewhat informed,Yes,09/17/2020 01:04 PM PDT - 09/17/2020 01:19 PM PDT (15 minutes),15 minutes,Thu,09/17/2020,1 hour 31 minutes
706213083,Mental Health Careers HPC Session,86,Student-10,Student-10,Student-10,Student-10,Survey,7,n/a,n/a,09/17/2020,01:26:59 PM PDT,What did you learn from this session?,I learned something new that is useful to me.,Yes,09/17/2020 01:04 PM PDT - 09/17/2020 01:19 PM PDT (15 minutes),15 minutes,Thu,09/17/2020,1 hour 31 minutes
706213083,Mental Health Careers HPC Session,86,Student-10,Student-10,Student-10,Student-10,Survey,8,n/a,n/a,09/17/2020,01:26:59 PM PDT,What suggestions do you have for making the virtual HPC session better?,I didn't know if my camera was on or not or how to use the website the people were using.,Yes,09/17/2020 01:04 PM PDT - 09/17/2020 01:19 PM PDT (15 minutes),15 minutes,Thu,09/17/2020,1 hour 31 minutes
706213083,Mental Health Careers HPC Session,86,Student-10,Student-10,Student-10,Student-10,Survey,9,n/a,n/a,09/17/2020,01:26:59 PM PDT,Please share what you learned from this session.,I learned the different ways people used to try and figure out peoples behaviors.,Yes,09/17/2020 01:04 PM PDT - 09/17/2020 01:19 PM PDT (15 minutes),15 minutes,Thu,09/17/2020,1 hour 31 minutes
706213083,Mental Health Careers HPC Session,93,Student-11,Student-11,Student-11,Student-11,Q&A,1,09/17/2020,01:09:21 PM PDT,09/17/2020,01:10:34 PM PDT,Behavioral health might involve case studies and treatment,Absolutly! Great answer.,Yes,09/17/2020 12:58 PM PDT - 09/17/2020 02:02 PM PDT (1 hour 5 minutes),1 hour 5 minutes,Thu,09/17/2020,1 hour 31 minutes
706213083,Mental Health Careers HPC Session,93,Student-11,Student-11,Student-11,Student-11,Q&A,2,09/17/2020,01:35:28 PM PDT,,,Being a part of clubs that advocate and inform others on mental health,,Yes,09/17/2020 12:58 PM PDT - 09/17/2020 02:02 PM PDT (1 hour 5 minutes),1 hour 5 minutes,Thu,09/17/2020,1 hour 31 minutes
706213083,Mental Health Careers HPC Session,93,Student-11,Student-11,Student-11,Student-11,Q&A,3,09/17/2020,01:36:39 PM PDT,09/17/2020,01:37:53 PM PDT,Being a part of clubs that advocate and inform others on mental health?,"Thank you, we recorded your answer. Apologies for the confusion.",Yes,09/17/2020 12:58 PM PDT - 09/17/2020 02:02 PM PDT (1 hour 5 minutes),1 hour 5 minutes,Thu,09/17/2020,1 hour 31 minutes
706213083,Mental Health Careers HPC Session,93,Student-11,Student-11,Student-11,Student-11,Q&A,4,09/17/2020,01:54:54 PM PDT,,,will the internship/trainee program be done online?,,Yes,09/17/2020 12:58 PM PDT - 09/17/2020 02:02 PM PDT (1 hour 5 minutes),1 hour 5 minutes,Thu,09/17/2020,1 hour 31 minutes
706213083,Mental Health Careers HPC Session,93,Student-11,Student-11,Student-11,Student-11,Q&A,5,09/17/2020,01:58:31 PM PDT,,,"Also, can high schoolers apply? because it says name of university in the GIFT application",,Yes,09/17/2020 12:58 PM PDT - 09/17/2020 02:02 PM PDT (1 hour 5 minutes),1 hour 5 minutes,Thu,09/17/2020,1 hour 31 minutes
706213083,Mental Health Careers HPC Session,93,Student-11,Student-11,Student-11,Student-11,Poll,6,n/a,n/a,09/17/2020,02:00:28 PM PDT,How informed are you about careers in Mental Health? (Post),Very Informed,Yes,09/17/2020 12:58 PM PDT - 09/17/2020 02:02 PM PDT (1 hour 5 minutes),1 hour 5 minutes,Thu,09/17/2020,1 hour 31 minutes
706213083,Mental Health Careers HPC Session,93,Student-11,Student-11,Student-11,Student-11,Poll,7,n/a,n/a,09/17/2020,01:54:39 PM PDT,Which of the following careers in Behavioral Health interests you most?,"Psychiatry (Nurse, MD, Technician)",Yes,09/17/2020 12:58 PM PDT - 09/17/2020 02:02 PM PDT (1 hour 5 minutes),1 hour 5 minutes,Thu,09/17/2020,1 hour 31 minutes
706213083,Mental Health Careers HPC Session,93,Student-11,Student-11,Student-11,Student-11,Poll,8,n/a,n/a,09/17/2020,01:10:35 PM PDT,How interested are you in pursuing a career in mental health?,Very interested,Yes,09/17/2020 12:58 PM PDT - 09/17/2020 02:02 PM PDT (1 hour 5 minutes),1 hour 5 minutes,Thu,09/17/2020,1 hour 31 minutes
706213083,Mental Health Careers HPC Session,93,Student-11,Student-11,Student-11,Student-11,Poll,9,n/a,n/a,09/17/2020,01:08:52 PM PDT,How informed are you about careers in Mental Health?,Somewhat informed,Yes,09/17/2020 12:58 PM PDT - 09/17/2020 02:02 PM PDT (1 hour 5 minutes),1 hour 5 minutes,Thu,09/17/2020,1 hour 31 minutes
706213083,Mental Health Careers HPC Session,93,Student-11,Student-11,Student-11,Student-11,Poll,10,n/a,n/a,09/17/2020,02:00:50 PM PDT,How interested are you in pursuing a career in Mental Health (Post),Very Interested,Yes,09/17/2020 12:58 PM PDT - 09/17/2020 02:02 PM PDT (1 hour 5 minutes),1 hour 5 minutes,Thu,09/17/2020,1 hour 31 minutes
706213083,Mental Health Careers HPC Session,93,Student-11,Student-11,Student-11,Student-11,Survey,11,n/a,n/a,09/17/2020,02:03:31 PM PDT,What did you learn from this session?,I learned something new that is useful to me.,Yes,09/17/2020 12:58 PM PDT - 09/17/2020 02:02 PM PDT (1 hour 5 minutes),1 hour 5 minutes,Thu,09/17/2020,1 hour 31 minutes
706213083,Mental Health Careers HPC Session,93,Student-11,Student-11,Student-11,Student-11,Survey,12,n/a,n/a,09/17/2020,02:03:31 PM PDT,What suggestions do you have for making the virtual HPC session better?,Possible use more time for Q&A!,Yes,09/17/2020 12:58 PM PDT - 09/17/2020 02:02 PM PDT (1 hour 5 minutes),1 hour 5 minutes,Thu,09/17/2020,1 hour 31 minutes
706213083,Mental Health Careers HPC Session,93,Student-11,Student-11,Student-11,Student-11,Survey,13,n/a,n/a,09/17/2020,02:03:31 PM PDT,Please share what you learned from this session.,I learned about what degrees you need for certain professions and the diversity in the amount of professions.,Yes,09/17/2020 12:58 PM PDT - 09/17/2020 02:02 PM PDT (1 hour 5 minutes),1 hour 5 minutes,Thu,09/17/2020,1 hour 31 minutes
706213083,Mental Health Careers HPC Session,93,Student-11,Student-11,Student-11,Student-11,Survey,14,n/a,n/a,09/17/2020,02:03:31 PM PDT,How likely is it that you would recommend the Health Professions Conference session to a friend?,8,Yes,09/17/2020 12:58 PM PDT - 09/17/2020 02:02 PM PDT (1 hour 5 minutes),1 hour 5 minutes,Thu,09/17/2020,1 hour 31 minutes
706213083,Mental Health Careers HPC Session,93,Student-11,Student-11,Student-11,Student-11,Survey,15,n/a,n/a,09/17/2020,02:03:31 PM PDT,What school do you attend?,Eleanor Roosevelt High School,Yes,09/17/2020 12:58 PM PDT - 09/17/2020 02:02 PM PDT (1 hour 5 minutes),1 hour 5 minutes,Thu,09/17/2020,1 hour 31 minutes
706213083,Mental Health Careers HPC Session,40,Student-12,Student-12,Student-12,Student-12,Q&A,1,09/17/2020,01:06:51 PM PDT,09/17/2020,01:09:33 PM PDT,I can hear her just fine,Thank you,Yes,09/17/2020 12:58 PM PDT - 09/17/2020 02:02 PM PDT (1 hour 5 minutes),1 hour 5 minutes,Thu,09/17/2020,1 hour 31 minutes
706213083,Mental Health Careers HPC Session,40,Student-12,Student-12,Student-12,Student-12,Poll,2,n/a,n/a,09/17/2020,02:00:28 PM PDT,How informed are you about careers in Mental Health? (Post),Very Informed,Yes,09/17/2020 12:58 PM PDT - 09/17/2020 02:02 PM PDT (1 hour 5 minutes),1 hour 5 minutes,Thu,09/17/2020,1 hour 31 minutes
706213083,Mental Health Careers HPC Session,40,Student-12,Student-12,Student-12,Student-12,Poll,3,n/a,n/a,09/17/2020,01:08:52 PM PDT,How informed are you about careers in Mental Health?,Somewhat informed,Yes,09/17/2020 12:58 PM PDT - 09/17/2020 02:02 PM PDT (1 hour 5 minutes),1 hour 5 minutes,Thu,09/17/2020,1 hour 31 minutes
706213083,Mental Health Careers HPC Session,40,Student-12,Student-12,Student-12,Student-12,Poll,4,n/a,n/a,09/17/2020,02:00:51 PM PDT,How interested are you in pursuing a career in Mental Health (Post),Somewhat Interested,Yes,09/17/2020 12:58 PM PDT - 09/17/2020 02:02 PM PDT (1 hour 5 minutes),1 hour 5 minutes,Thu,09/17/2020,1 hour 31 minutes
706213083,Mental Health Careers HPC Session,94,Student-13,Student-13,Student-13,Student-13,Poll,1,n/a,n/a,09/17/2020,02:00:27 PM PDT,How informed are you about careers in Mental Health? (Post),Very Uninformed,Yes,09/17/2020 01:08 PM PDT - 09/17/2020 02:02 PM PDT (54 minutes),54 minutes,Thu,09/17/2020,1 hour 31 minutes
706213083,Mental Health Careers HPC Session,94,Student-13,Student-13,Student-13,Student-13,Poll,2,n/a,n/a,09/17/2020,01:54:39 PM PDT,Which of the following careers in Behavioral Health interests you most?,Social Work/Public Health Administration,Yes,09/17/2020 01:08 PM PDT - 09/17/2020 02:02 PM PDT (54 minutes),54 minutes,Thu,09/17/2020,1 hour 31 minutes
706213083,Mental Health Careers HPC Session,94,Student-13,Student-13,Student-13,Student-13,Poll,3,n/a,n/a,09/17/2020,01:10:35 PM PDT,How interested are you in pursuing a career in mental health?,Very interested,Yes,09/17/2020 01:08 PM PDT - 09/17/2020 02:02 PM PDT (54 minutes),54 minutes,Thu,09/17/2020,1 hour 31 minutes
706213083,Mental Health Careers HPC Session,94,Student-13,Student-13,Student-13,Student-13,Poll,4,n/a,n/a,09/17/2020,02:00:50 PM PDT,How interested are you in pursuing a career in Mental Health (Post),Very Interested,Yes,09/17/2020 01:08 PM PDT - 09/17/2020 02:02 PM PDT (54 minutes),54 minutes,Thu,09/17/2020,1 hour 31 minutes
706213083,Mental Health Careers HPC Session,94,Student-13,Student-13,Student-13,Student-13,Survey,5,n/a,n/a,09/17/2020,02:05:03 PM PDT,What did you learn from this session?,I learned something new that is useful to me.,Yes,09/17/2020 01:08 PM PDT - 09/17/2020 02:02 PM PDT (54 minutes),54 minutes,Thu,09/17/2020,1 hour 31 minutes
706213083,Mental Health Careers HPC Session,94,Student-13,Student-13,Student-13,Student-13,Survey,6,n/a,n/a,09/17/2020,02:05:03 PM PDT,What suggestions do you have for making the virtual HPC session better?,N/A,Yes,09/17/2020 01:08 PM PDT - 09/17/2020 02:02 PM PDT (54 minutes),54 minutes,Thu,09/17/2020,1 hour 31 minutes
706213083,Mental Health Careers HPC Session,94,Student-13,Student-13,Student-13,Student-13,Survey,7,n/a,n/a,09/17/2020,02:05:03 PM PDT,Please share what you learned from this session.,I learned about the degrees and careers,Yes,09/17/2020 01:08 PM PDT - 09/17/2020 02:02 PM PDT (54 minutes),54 minutes,Thu,09/17/2020,1 hour 31 minutes
706213083,Mental Health Careers HPC Session,94,Student-13,Student-13,Student-13,Student-13,Survey,8,n/a,n/a,09/17/2020,02:05:03 PM PDT,How likely is it that you would recommend the Health Professions Conference session to a friend?,10,Yes,09/17/2020 01:08 PM PDT - 09/17/2020 02:02 PM PDT (54 minutes),54 minutes,Thu,09/17/2020,1 hour 31 minutes
706213083,Mental Health Careers HPC Session,94,Student-13,Student-13,Student-13,Student-13,Survey,9,n/a,n/a,09/17/2020,02:05:03 PM PDT,What school do you attend?,Cajon High school,Yes,09/17/2020 01:08 PM PDT - 09/17/2020 02:02 PM PDT (54 minutes),54 minutes,Thu,09/17/2020,1 hour 31 minutes
706213083,Mental Health Careers HPC Session,91,Student-14,Student-14,Student-14,Student-14,Poll,1,n/a,n/a,09/17/2020,02:00:28 PM PDT,How informed are you about careers in Mental Health? (Post),Very Informed,Yes,"09/17/2020 12:57 PM PDT - 09/17/2020 01:02 PM PDT (5 minutes),09/17/2020 01:02 PM PDT - 09/17/2020 01:02 PM PDT (1 minute),09/17/2020 01:03 PM PDT - 09/17/2020 02:02 PM PDT (60 minutes)",1 hour 5 minutes,Thu,09/17/2020,1 hour 31 minutes
706213083,Mental Health Careers HPC Session,91,Student-14,Student-14,Student-14,Student-14,Poll,2,n/a,n/a,09/17/2020,02:00:50 PM PDT,How interested are you in pursuing a career in Mental Health (Post),Very Interested,Yes,"09/17/2020 12:57 PM PDT - 09/17/2020 01:02 PM PDT (5 minutes),09/17/2020 01:02 PM PDT - 09/17/2020 01:02 PM PDT (1 minute),09/17/2020 01:03 PM PDT - 09/17/2020 02:02 PM PDT (60 minutes)",1 hour 5 minutes,Thu,09/17/2020,1 hour 31 minutes
706213083,Mental Health Careers HPC Session,91,Student-15,Student-15,Student-15,Student-15,Poll,1,n/a,n/a,09/17/2020,02:00:28 PM PDT,How informed are you about careers in Mental Health? (Post),Very Informed,Yes,09/17/2020 01:19 PM PDT - 09/17/2020 02:02 PM PDT (44 minutes),44 minutes,Thu,09/17/2020,1 hour 31 minutes
706213083,Mental Health Careers HPC Session,91,Student-15,Student-15,Student-15,Student-15,Poll,2,n/a,n/a,09/17/2020,01:54:39 PM PDT,Which of the following careers in Behavioral Health interests you most?,Other,Yes,09/17/2020 01:19 PM PDT - 09/17/2020 02:02 PM PDT (44 minutes),44 minutes,Thu,09/17/2020,1 hour 31 minutes
706213083,Mental Health Careers HPC Session,91,Student-15,Student-15,Student-15,Student-15,Poll,3,n/a,n/a,09/17/2020,02:00:50 PM PDT,How interested are you in pursuing a career in Mental Health (Post),Very Interested,Yes,09/17/2020 01:19 PM PDT - 09/17/2020 02:02 PM PDT (44 minutes),44 minutes,Thu,09/17/2020,1 hour 31 minutes
706213083,Mental Health Careers HPC Session,91,Student-15,Student-15,Student-15,Student-15,Survey,4,n/a,n/a,09/17/2020,02:04:28 PM PDT,What did you learn from this session?,I learned something new that is useful to me.,Yes,09/17/2020 01:19 PM PDT - 09/17/2020 02:02 PM PDT (44 minutes),44 minutes,Thu,09/17/2020,1 hour 31 minutes
706213083,Mental Health Careers HPC Session,91,Student-15,Student-15,Student-15,Student-15,Survey,5,n/a,n/a,09/17/2020,02:04:28 PM PDT,What suggestions do you have for making the virtual HPC session better?,"Everything is going smoothly,in my personal opinion I don't think there is anything that needs to be changed.",Yes,09/17/2020 01:19 PM PDT - 09/17/2020 02:02 PM PDT (44 minutes),44 minutes,Thu,09/17/2020,1 hour 31 minutes
706213083,Mental Health Careers HPC Session,91,Student-15,Student-15,Student-15,Student-15,Survey,6,n/a,n/a,09/17/2020,02:04:28 PM PDT,Please share what you learned from this session.,learned how you could become involve in different types of mental careers.,Yes,09/17/2020 01:19 PM PDT - 09/17/2020 02:02 PM PDT (44 minutes),44 minutes,Thu,09/17/2020,1 hour 31 minutes
706213083,Mental Health Careers HPC Session,97,Student-16,Student-16,Student-16,Student-16,Poll,1,n/a,n/a,09/17/2020,02:00:28 PM PDT,How informed are you about careers in Mental Health? (Post),Very Informed,Yes,09/17/2020 12:54 PM PDT - 09/17/2020 02:02 PM PDT (1 hour 8 minutes),1 hour 8 minutes,Thu,09/17/2020,1 hour 31 minutes
706213083,Mental Health Careers HPC Session,97,Student-16,Student-16,Student-16,Student-16,Poll,2,n/a,n/a,09/17/2020,01:54:39 PM PDT,Which of the following careers in Behavioral Health interests you most?,Social Work/Public Health Administration,Yes,09/17/2020 12:54 PM PDT - 09/17/2020 02:02 PM PDT (1 hour 8 minutes),1 hour 8 minutes,Thu,09/17/2020,1 hour 31 minutes
706213083,Mental Health Careers HPC Session,97,Student-16,Student-16,Student-16,Student-16,Poll,3,n/a,n/a,09/17/2020,01:10:35 PM PDT,How interested are you in pursuing a career in mental health?,Somewhat interested,Yes,09/17/2020 12:54 PM PDT - 09/17/2020 02:02 PM PDT (1 hour 8 minutes),1 hour 8 minutes,Thu,09/17/2020,1 hour 31 minutes
706213083,Mental Health Careers HPC Session,97,Student-16,Student-16,Student-16,Student-16,Poll,4,n/a,n/a,09/17/2020,01:08:52 PM PDT,How informed are you about careers in Mental Health?,Somewhat informed,Yes,09/17/2020 12:54 PM PDT - 09/17/2020 02:02 PM PDT (1 hour 8 minutes),1 hour 8 minutes,Thu,09/17/2020,1 hour 31 minutes
706213083,Mental Health Careers HPC Session,97,Student-16,Student-16,Student-16,Student-16,Poll,5,n/a,n/a,09/17/2020,02:00:50 PM PDT,How interested are you in pursuing a career in Mental Health (Post),Very Interested,Yes,09/17/2020 12:54 PM PDT - 09/17/2020 02:02 PM PDT (1 hour 8 minutes),1 hour 8 minutes,Thu,09/17/2020,1 hour 31 minutes
706213083,Mental Health Careers HPC Session,97,Student-16,Student-16,Student-16,Student-16,Survey,6,n/a,n/a,09/17/2020,02:04:28 PM PDT,What did you learn from this session?,I learned something new that is useful to me.,Yes,09/17/2020 12:54 PM PDT - 09/17/2020 02:02 PM PDT (1 hour 8 minutes),1 hour 8 minutes,Thu,09/17/2020,1 hour 31 minutes
706213083,Mental Health Careers HPC Session,97,Student-16,Student-16,Student-16,Student-16,Survey,7,n/a,n/a,09/17/2020,02:04:28 PM PDT,What suggestions do you have for making the virtual HPC session better?,I think it was pretty good as it was very interactive with the questions presented and so I felt very attentive and engaged.,Yes,09/17/2020 12:54 PM PDT - 09/17/2020 02:02 PM PDT (1 hour 8 minutes),1 hour 8 minutes,Thu,09/17/2020,1 hour 31 minutes
706213083,Mental Health Careers HPC Session,97,Student-16,Student-16,Student-16,Student-16,Survey,8,n/a,n/a,09/17/2020,02:04:28 PM PDT,Please share what you learned from this session.,I learned about possible job careers that only require a bachelors degree because I don't want to go to school for a long time.,Yes,09/17/2020 12:54 PM PDT - 09/17/2020 02:02 PM PDT (1 hour 8 minutes),1 hour 8 minutes,Thu,09/17/2020,1 hour 31 minutes
706213083,Mental Health Careers HPC Session,97,Student-16,Student-16,Student-16,Student-16,Survey,9,n/a,n/a,09/17/2020,02:04:28 PM PDT,How likely is it that you would recommend the Health Professions Conference session to a friend?,4,Yes,09/17/2020 12:54 PM PDT - 09/17/2020 02:02 PM PDT (1 hour 8 minutes),1 hour 8 minutes,Thu,09/17/2020,1 hour 31 minutes
706213083,Mental Health Careers HPC Session,97,Student-16,Student-16,Student-16,Student-16,Survey,10,n/a,n/a,09/17/2020,02:04:28 PM PDT,What school do you attend?,Cajon High School,Yes,09/17/2020 12:54 PM PDT - 09/17/2020 02:02 PM PDT (1 hour 8 minutes),1 hour 8 minutes,Thu,09/17/2020,1 hour 31 minutes
706213083,Mental Health Careers HPC Session,93,Student-17,Student-17,Student-17,Student-17,Poll,1,n/a,n/a,09/17/2020,02:00:28 PM PDT,How informed are you about careers in Mental Health? (Post),Somewhat Informed,Yes,09/17/2020 12:59 PM PDT - 09/17/2020 02:02 PM PDT (1 hour 3 minutes),1 hour 3 minutes,Thu,09/17/2020,1 hour 31 minutes
706213083,Mental Health Careers HPC Session,93,Student-17,Student-17,Student-17,Student-17,Poll,2,n/a,n/a,09/17/2020,01:08:52 PM PDT,How informed are you about careers in Mental Health?,Somewhat informed,Yes,09/17/2020 12:59 PM PDT - 09/17/2020 02:02 PM PDT (1 hour 3 minutes),1 hour 3 minutes,Thu,09/17/2020,1 hour 31 minutes
706213083,Mental Health Careers HPC Session,93,Student-17,Student-17,Student-17,Student-17,Poll,3,n/a,n/a,09/17/2020,02:00:51 PM PDT,How interested are you in pursuing a career in Mental Health (Post),Not Interested,Yes,09/17/2020 12:59 PM PDT - 09/17/2020 02:02 PM PDT (1 hour 3 minutes),1 hour 3 minutes,Thu,09/17/2020,1 hour 31 minutes
706213083,Mental Health Careers HPC Session,74,Student-18,Student-18,Student-18,Student-18,Poll,1,n/a,n/a,09/17/2020,02:00:28 PM PDT,How informed are you about careers in Mental Health? (Post),Very Informed,Yes,09/17/2020 12:58 PM PDT - 09/17/2020 02:02 PM PDT (1 hour 4 minutes),1 hour 4 minutes,Thu,09/17/2020,1 hour 31 minutes
706213083,Mental Health Careers HPC Session,74,Student-18,Student-18,Student-18,Student-18,Poll,2,n/a,n/a,09/17/2020,01:08:52 PM PDT,How informed are you about careers in Mental Health?,Somewhat informed,Yes,09/17/2020 12:58 PM PDT - 09/17/2020 02:02 PM PDT (1 hour 4 minutes),1 hour 4 minutes,Thu,09/17/2020,1 hour 31 minutes
706213083,Mental Health Careers HPC Session,74,Student-18,Student-18,Student-18,Student-18,Poll,3,n/a,n/a,09/17/2020,02:00:51 PM PDT,How interested are you in pursuing a career in Mental Health (Post),Very Interested,Yes,09/17/2020 12:58 PM PDT - 09/17/2020 02:02 PM PDT (1 hour 4 minutes),1 hour 4 minutes,Thu,09/17/2020,1 hour 31 minutes
706213083,Mental Health Careers HPC Session,91,Student-19,Student-19,Student-19,Student-19,Poll,1,n/a,n/a,09/17/2020,01:10:35 PM PDT,How interested are you in pursuing a career in mental health?,Very interested,Yes,09/17/2020 01:00 PM PDT - 09/17/2020 02:02 PM PDT (1 hour 2 minutes),1 hour 2 minutes,Thu,09/17/2020,1 hour 31 minutes
706213083,Mental Health Careers HPC Session,91,Student-19,Student-19,Student-19,Student-19,Poll,2,n/a,n/a,09/17/2020,01:08:52 PM PDT,How informed are you about careers in Mental Health?,Somewhat informed,Yes,09/17/2020 01:00 PM PDT - 09/17/2020 02:02 PM PDT (1 hour 2 minutes),1 hour 2 minutes,Thu,09/17/2020,1 hour 31 minutes
706213083,Mental Health Careers HPC Session,91,Student-19,Student-19,Student-19,Student-19,Survey,3,n/a,n/a,09/17/2020,02:12:19 PM PDT,What did you learn from this session?,I learned something new that is useful to me.,Yes,09/17/2020 01:00 PM PDT - 09/17/2020 02:02 PM PDT (1 hour 2 minutes),1 hour 2 minutes,Thu,09/17/2020,1 hour 31 minutes
706213083,Mental Health Careers HPC Session,91,Student-19,Student-19,Student-19,Student-19,Survey,4,n/a,n/a,09/17/2020,02:12:19 PM PDT,What suggestions do you have for making the virtual HPC session better?,nothing they did well,Yes,09/17/2020 01:00 PM PDT - 09/17/2020 02:02 PM PDT (1 hour 2 minutes),1 hour 2 minutes,Thu,09/17/2020,1 hour 31 minutes
706213083,Mental Health Careers HPC Session,91,Student-19,Student-19,Student-19,Student-19,Survey,5,n/a,n/a,09/17/2020,02:12:19 PM PDT,Please share what you learned from this session.,I learned what behavioral and mental health is,Yes,09/17/2020 01:00 PM PDT - 09/17/2020 02:02 PM PDT (1 hour 2 minutes),1 hour 2 minutes,Thu,09/17/2020,1 hour 31 minutes
706213083,Mental Health Careers HPC Session,91,Student-19,Student-19,Student-19,Student-19,Survey,6,n/a,n/a,09/17/2020,02:12:19 PM PDT,How likely is it that you would recommend the Health Professions Conference session to a friend?,5,Yes,09/17/2020 01:00 PM PDT - 09/17/2020 02:02 PM PDT (1 hour 2 minutes),1 hour 2 minutes,Thu,09/17/2020,1 hour 31 minutes
706213083,Mental Health Careers HPC Session,91,Student-19,Student-19,Student-19,Student-19,Survey,7,n/a,n/a,09/17/2020,02:12:19 PM PDT,What school do you attend?,Cajon high school,Yes,09/17/2020 01:00 PM PDT - 09/17/2020 02:02 PM PDT (1 hour 2 minutes),1 hour 2 minutes,Thu,09/17/2020,1 hour 31 minutes
706213083,Mental Health Careers HPC Session,98,Student-20,Student-20,Student-20,Student-20,Poll,1,n/a,n/a,09/17/2020,02:00:28 PM PDT,How informed are you about careers in Mental Health? (Post),Very Informed,Yes,09/17/2020 12:49 PM PDT - 09/17/2020 02:02 PM PDT (1 hour 13 minutes),1 hour 13 minutes,Thu,09/17/2020,1 hour 31 minutes
706213083,Mental Health Careers HPC Session,98,Student-20,Student-20,Student-20,Student-20,Poll,2,n/a,n/a,09/17/2020,01:54:39 PM PDT,Which of the following careers in Behavioral Health interests you most?,"Community Advocate (Peer Support, Behavioral H. Specialist)",Yes,09/17/2020 12:49 PM PDT - 09/17/2020 02:02 PM PDT (1 hour 13 minutes),1 hour 13 minutes,Thu,09/17/2020,1 hour 31 minutes
706213083,Mental Health Careers HPC Session,98,Student-20,Student-20,Student-20,Student-20,Poll,3,n/a,n/a,09/17/2020,01:10:35 PM PDT,How interested are you in pursuing a career in mental health?,Very interested,Yes,09/17/2020 12:49 PM PDT - 09/17/2020 02:02 PM PDT (1 hour 13 minutes),1 hour 13 minutes,Thu,09/17/2020,1 hour 31 minutes
706213083,Mental Health Careers HPC Session,98,Student-20,Student-20,Student-20,Student-20,Poll,4,n/a,n/a,09/17/2020,01:08:52 PM PDT,How informed are you about careers in Mental Health?,Very Informed,Yes,09/17/2020 12:49 PM PDT - 09/17/2020 02:02 PM PDT (1 hour 13 minutes),1 hour 13 minutes,Thu,09/17/2020,1 hour 31 minutes
706213083,Mental Health Careers HPC Session,98,Student-20,Student-20,Student-20,Student-20,Poll,5,n/a,n/a,09/17/2020,02:00:50 PM PDT,How interested are you in pursuing a career in Mental Health (Post),Very Interested,Yes,09/17/2020 12:49 PM PDT - 09/17/2020 02:02 PM PDT (1 hour 13 minutes),1 hour 13 minutes,Thu,09/17/2020,1 hour 31 minutes
706213083,Mental Health Careers HPC Session,82,Student-21,Student-21,Student-21,Student-21,Q&A,1,09/17/2020,01:30:47 PM PDT,09/17/2020,01:59:10 PM PDT,How likley is it that someone dealing with anxiety or depression  will have to take medication to cope?,I hope that answered your question.,Yes,09/17/2020 01:08 PM PDT - 09/17/2020 02:02 PM PDT (54 minutes),54 minutes,Thu,09/17/2020,1 hour 31 minutes
706213083,Mental Health Careers HPC Session,82,Student-21,Student-21,Student-21,Student-21,Q&A,2,09/17/2020,01:57:03 PM PDT,,,"to be a  psychiatrist, would it be smarter to major in psychology rather than say biology?",,Yes,09/17/2020 01:08 PM PDT - 09/17/2020 02:02 PM PDT (54 minutes),54 minutes,Thu,09/17/2020,1 hour 31 minutes
706213083,Mental Health Careers HPC Session,82,Student-21,Student-21,Student-21,Student-21,Poll,3,n/a,n/a,09/17/2020,02:00:28 PM PDT,How informed are you about careers in Mental Health? (Post),Somewhat Informed,Yes,09/17/2020 01:08 PM PDT - 09/17/2020 02:02 PM PDT (54 minutes),54 minutes,Thu,09/17/2020,1 hour 31 minutes
706213083,Mental Health Careers HPC Session,82,Student-21,Student-21,Student-21,Student-21,Poll,4,n/a,n/a,09/17/2020,01:54:39 PM PDT,Which of the following careers in Behavioral Health interests you most?,"Psychiatry (Nurse, MD, Technician)",Yes,09/17/2020 01:08 PM PDT - 09/17/2020 02:02 PM PDT (54 minutes),54 minutes,Thu,09/17/2020,1 hour 31 minutes
706213083,Mental Health Careers HPC Session,82,Student-21,Student-21,Student-21,Student-21,Poll,5,n/a,n/a,09/17/2020,01:10:35 PM PDT,How interested are you in pursuing a career in mental health?,Very interested,Yes,09/17/2020 01:08 PM PDT - 09/17/2020 02:02 PM PDT (54 minutes),54 minutes,Thu,09/17/2020,1 hour 31 minutes
706213083,Mental Health Careers HPC Session,82,Student-21,Student-21,Student-21,Student-21,Poll,6,n/a,n/a,09/17/2020,02:00:51 PM PDT,How interested are you in pursuing a career in Mental Health (Post),Very Interested,Yes,09/17/2020 01:08 PM PDT - 09/17/2020 02:02 PM PDT (54 minutes),54 minutes,Thu,09/17/2020,1 hour 31 minutes
706213083,Mental Health Careers HPC Session,82,Student-21,Student-21,Student-21,Student-21,Survey,7,n/a,n/a,09/17/2020,02:04:04 PM PDT,What did you learn from this session?,I learned something new that is useful to me.,Yes,09/17/2020 01:08 PM PDT - 09/17/2020 02:02 PM PDT (54 minutes),54 minutes,Thu,09/17/2020,1 hour 31 minutes
706213083,Mental Health Careers HPC Session,82,Student-21,Student-21,Student-21,Student-21,Survey,8,n/a,n/a,09/17/2020,02:04:04 PM PDT,What suggestions do you have for making the virtual HPC session better?,I think the session was great.,Yes,09/17/2020 01:08 PM PDT - 09/17/2020 02:02 PM PDT (54 minutes),54 minutes,Thu,09/17/2020,1 hour 31 minutes
706213083,Mental Health Careers HPC Session,82,Student-21,Student-21,Student-21,Student-21,Survey,9,n/a,n/a,09/17/2020,02:04:04 PM PDT,Please share what you learned from this session.,"I learned a lot of helpful new information, everything from advice to help my personal situation to information about schooling and the different careers within the mental health field.",Yes,09/17/2020 01:08 PM PDT - 09/17/2020 02:02 PM PDT (54 minutes),54 minutes,Thu,09/17/2020,1 hour 31 minutes
706213083,Mental Health Careers HPC Session,82,Student-21,Student-21,Student-21,Student-21,Survey,10,n/a,n/a,09/17/2020,02:04:04 PM PDT,How likely is it that you would recommend the Health Professions Conference session to a friend?,10,Yes,09/17/2020 01:08 PM PDT - 09/17/2020 02:02 PM PDT (54 minutes),54 minutes,Thu,09/17/2020,1 hour 31 minutes
706213083,Mental Health Careers HPC Session,82,Student-21,Student-21,Student-21,Student-21,Survey,11,n/a,n/a,09/17/2020,02:04:04 PM PDT,What school do you attend?,Corona High school,Yes,09/17/2020 01:08 PM PDT - 09/17/2020 02:02 PM PDT (54 minutes),54 minutes,Thu,09/17/2020,1 hour 31 minutes
706213083,Mental Health Careers HPC Session,92,Student-22,Student-22,Student-22,Student-22,Q&A,1,09/17/2020,01:04:54 PM PDT,09/17/2020,01:11:01 PM PDT,hello umm I can't hear,Thank you for letting us know. Let us know if you are still unable to hear.,Yes,"09/17/2020 01:02 PM PDT - 09/17/2020 01:51 PM PDT (49 minutes),09/17/2020 01:52 PM PDT - 09/17/2020 01:58 PM PDT (7 minutes)",55 minutes,Thu,09/17/2020,1 hour 31 minutes
706213083,Mental Health Careers HPC Session,92,Student-22,Student-22,Student-22,Student-22,Poll,2,n/a,n/a,09/17/2020,01:54:39 PM PDT,Which of the following careers in Behavioral Health interests you most?,Social Work/Public Health Administration,Yes,"09/17/2020 01:02 PM PDT - 09/17/2020 01:51 PM PDT (49 minutes),09/17/2020 01:52 PM PDT - 09/17/2020 01:58 PM PDT (7 minutes)",55 minutes,Thu,09/17/2020,1 hour 31 minutes
706213083,Mental Health Careers HPC Session,92,Student-22,Student-22,Student-22,Student-22,Poll,3,n/a,n/a,09/17/2020,01:10:35 PM PDT,How interested are you in pursuing a career in mental health?,Very interested,Yes,"09/17/2020 01:02 PM PDT - 09/17/2020 01:51 PM PDT (49 minutes),09/17/2020 01:52 PM PDT - 09/17/2020 01:58 PM PDT (7 minutes)",55 minutes,Thu,09/17/2020,1 hour 31 minutes
706213083,Mental Health Careers HPC Session,92,Student-22,Student-22,Student-22,Student-22,Poll,4,n/a,n/a,09/17/2020,01:08:52 PM PDT,How informed are you about careers in Mental Health?,Very uninformed,Yes,"09/17/2020 01:02 PM PDT - 09/17/2020 01:51 PM PDT (49 minutes),09/17/2020 01:52 PM PDT - 09/17/2020 01:58 PM PDT (7 minutes)",55 minutes,Thu,09/17/2020,1 hour 31 minutes
706213083,Mental Health Careers HPC Session,95,Student-23,Student-23,Student-23,Student-23,Poll,3,n/a,n/a,09/17/2020,02:00:28 PM PDT,How informed are you about careers in Mental Health? (Post),Somewhat Informed,Yes,"09/17/2020 01:00 PM PDT - 09/17/2020 01:18 PM PDT (18 minutes),09/17/2020 01:20 PM PDT - 09/17/2020 02:02 PM PDT (42 minutes)",60 minutes,Thu,09/17/2020,1 hour 31 minutes
706213083,Mental Health Careers HPC Session,95,Student-23,Student-23,Student-23,Student-23,Poll,4,n/a,n/a,09/17/2020,01:10:35 PM PDT,How interested are you in pursuing a career in mental health?,Somewhat interested,Yes,"09/17/2020 01:00 PM PDT - 09/17/2020 01:18 PM PDT (18 minutes),09/17/2020 01:20 PM PDT - 09/17/2020 02:02 PM PDT (42 minutes)",60 minutes,Thu,09/17/2020,1 hour 31 minutes
706213083,Mental Health Careers HPC Session,95,Student-23,Student-23,Student-23,Student-23,Poll,5,n/a,n/a,09/17/2020,01:08:52 PM PDT,How informed are you about careers in Mental Health?,Somewhat uninformed,Yes,"09/17/2020 01:00 PM PDT - 09/17/2020 01:18 PM PDT (18 minutes),09/17/2020 01:20 PM PDT - 09/17/2020 02:02 PM PDT (42 minutes)",60 minutes,Thu,09/17/2020,1 hour 31 minutes
706213083,Mental Health Careers HPC Session,95,Student-23,Student-23,Student-23,Student-23,Poll,6,n/a,n/a,09/17/2020,02:00:50 PM PDT,How interested are you in pursuing a career in Mental Health (Post),Somewhat Interested,Yes,"09/17/2020 01:00 PM PDT - 09/17/2020 01:18 PM PDT (18 minutes),09/17/2020 01:20 PM PDT - 09/17/2020 02:02 PM PDT (42 minutes)",60 minutes,Thu,09/17/2020,1 hour 31 minutes
706213083,Mental Health Careers HPC Session,92,Student-24,Student-24,Student-24,Student-24,Poll,1,n/a,n/a,09/17/2020,01:54:39 PM PDT,Which of the following careers in Behavioral Health interests you most?,"Clinical Therapist (MFT, LCSW, PCC)",Yes,09/17/2020 01:00 PM PDT - 09/17/2020 01:58 PM PDT (59 minutes),59 minutes,Thu,09/17/2020,1 hour 31 minutes
706213083,Mental Health Careers HPC Session,92,Student-24,Student-24,Student-24,Student-24,Poll,2,n/a,n/a,09/17/2020,01:10:35 PM PDT,How interested are you in pursuing a career in mental health?,Very interested,Yes,09/17/2020 01:00 PM PDT - 09/17/2020 01:58 PM PDT (59 minutes),59 minutes,Thu,09/17/2020,1 hour 31 minutes
706213083,Mental Health Careers HPC Session,92,Student-24,Student-24,Student-24,Student-24,Poll,3,n/a,n/a,09/17/2020,01:08:52 PM PDT,How informed are you about careers in Mental Health?,Very Informed,Yes,09/17/2020 01:00 PM PDT - 09/17/2020 01:58 PM PDT (59 minutes),59 minutes,Thu,09/17/2020,1 hour 31 minutes
706213083,Mental Health Careers HPC Session,97,Student-25,Student-25,Student-25,Student-25,Poll,1,n/a,n/a,09/17/2020,02:00:28 PM PDT,How informed are you about careers in Mental Health? (Post),Very Informed,Yes,09/17/2020 12:56 PM PDT - 09/17/2020 02:02 PM PDT (1 hour 6 minutes),1 hour 6 minutes,Thu,09/17/2020,1 hour 31 minutes
706213083,Mental Health Careers HPC Session,97,Student-25,Student-25,Student-25,Student-25,Poll,2,n/a,n/a,09/17/2020,01:54:39 PM PDT,Which of the following careers in Behavioral Health interests you most?,"Psychiatry (Nurse, MD, Technician)",Yes,09/17/2020 12:56 PM PDT - 09/17/2020 02:02 PM PDT (1 hour 6 minutes),1 hour 6 minutes,Thu,09/17/2020,1 hour 31 minutes
706213083,Mental Health Careers HPC Session,97,Student-25,Student-25,Student-25,Student-25,Poll,3,n/a,n/a,09/17/2020,01:10:35 PM PDT,How interested are you in pursuing a career in mental health?,Very interested,Yes,09/17/2020 12:56 PM PDT - 09/17/2020 02:02 PM PDT (1 hour 6 minutes),1 hour 6 minutes,Thu,09/17/2020,1 hour 31 minutes
706213083,Mental Health Careers HPC Session,97,Student-25,Student-25,Student-25,Student-25,Poll,4,n/a,n/a,09/17/2020,01:08:52 PM PDT,How informed are you about careers in Mental Health?,Somewhat informed,Yes,09/17/2020 12:56 PM PDT - 09/17/2020 02:02 PM PDT (1 hour 6 minutes),1 hour 6 minutes,Thu,09/17/2020,1 hour 31 minutes
706213083,Mental Health Careers HPC Session,97,Student-25,Student-25,Student-25,Student-25,Poll,5,n/a,n/a,09/17/2020,02:00:51 PM PDT,How interested are you in pursuing a career in Mental Health (Post),Very Interested,Yes,09/17/2020 12:56 PM PDT - 09/17/2020 02:02 PM PDT (1 hour 6 minutes),1 hour 6 minutes,Thu,09/17/2020,1 hour 31 minutes
706213083,Mental Health Careers HPC Session,97,Student-25,Student-25,Student-25,Student-25,Survey,6,n/a,n/a,09/17/2020,02:04:26 PM PDT,What did you learn from this session?,I learned something new that is useful to me.,Yes,09/17/2020 12:56 PM PDT - 09/17/2020 02:02 PM PDT (1 hour 6 minutes),1 hour 6 minutes,Thu,09/17/2020,1 hour 31 minutes
706213083,Mental Health Careers HPC Session,97,Student-25,Student-25,Student-25,Student-25,Survey,7,n/a,n/a,09/17/2020,02:04:26 PM PDT,What suggestions do you have for making the virtual HPC session better?,I have no suggestions. :),Yes,09/17/2020 12:56 PM PDT - 09/17/2020 02:02 PM PDT (1 hour 6 minutes),1 hour 6 minutes,Thu,09/17/2020,1 hour 31 minutes
706213083,Mental Health Careers HPC Session,97,Student-25,Student-25,Student-25,Student-25,Survey,8,n/a,n/a,09/17/2020,02:04:26 PM PDT,Please share what you learned from this session.,I learned the many different career paths you can take in mental health.,Yes,09/17/2020 12:56 PM PDT - 09/17/2020 02:02 PM PDT (1 hour 6 minutes),1 hour 6 minutes,Thu,09/17/2020,1 hour 31 minutes
706213083,Mental Health Careers HPC Session,97,Student-25,Student-25,Student-25,Student-25,Survey,9,n/a,n/a,09/17/2020,02:04:26 PM PDT,How likely is it that you would recommend the Health Professions Conference session to a friend?,10,Yes,09/17/2020 12:56 PM PDT - 09/17/2020 02:02 PM PDT (1 hour 6 minutes),1 hour 6 minutes,Thu,09/17/2020,1 hour 31 minutes
706213083,Mental Health Careers HPC Session,97,Student-25,Student-25,Student-25,Student-25,Survey,10,n/a,n/a,09/17/2020,02:04:26 PM PDT,What school do you attend?,Corona High School,Yes,09/17/2020 12:56 PM PDT - 09/17/2020 02:02 PM PDT (1 hour 6 minutes),1 hour 6 minutes,Thu,09/17/2020,1 hour 31 minutes
706213083,Mental Health Careers HPC Session,97,Student-26,Student-26,Student-26,Student-26,Q&A,1,09/17/2020,01:35:58 PM PDT,,,Education yourself first so when people say things that are incorrect you can correct it,,Yes,09/17/2020 01:00 PM PDT - 09/17/2020 02:02 PM PDT (1 hour 2 minutes),1 hour 2 minutes,Thu,09/17/2020,1 hour 31 minutes
706213083,Mental Health Careers HPC Session,97,Student-26,Student-26,Student-26,Student-26,Q&A,2,09/17/2020,01:36:23 PM PDT,,,Also make people feel welcomed and not feel strange about it,,Yes,09/17/2020 01:00 PM PDT - 09/17/2020 02:02 PM PDT (1 hour 2 minutes),1 hour 2 minutes,Thu,09/17/2020,1 hour 31 minutes
706213083,Mental Health Careers HPC Session,97,Student-26,Student-26,Student-26,Student-26,Q&A,3,09/17/2020,01:59:19 PM PDT,,,How do you not take work home?,,Yes,09/17/2020 01:00 PM PDT - 09/17/2020 02:02 PM PDT (1 hour 2 minutes),1 hour 2 minutes,Thu,09/17/2020,1 hour 31 minutes
706213083,Mental Health Careers HPC Session,97,Student-26,Student-26,Student-26,Student-26,Poll,4,n/a,n/a,09/17/2020,02:00:28 PM PDT,How informed are you about careers in Mental Health? (Post),Very Informed,Yes,09/17/2020 01:00 PM PDT - 09/17/2020 02:02 PM PDT (1 hour 2 minutes),1 hour 2 minutes,Thu,09/17/2020,1 hour 31 minutes
706213083,Mental Health Careers HPC Session,97,Student-26,Student-26,Student-26,Student-26,Poll,5,n/a,n/a,09/17/2020,01:54:39 PM PDT,Which of the following careers in Behavioral Health interests you most?,"Clinical Therapist (MFT, LCSW, PCC)",Yes,09/17/2020 01:00 PM PDT - 09/17/2020 02:02 PM PDT (1 hour 2 minutes),1 hour 2 minutes,Thu,09/17/2020,1 hour 31 minutes
706213083,Mental Health Careers HPC Session,97,Student-26,Student-26,Student-26,Student-26,Poll,6,n/a,n/a,09/17/2020,01:10:35 PM PDT,How interested are you in pursuing a career in mental health?,Very interested,Yes,09/17/2020 01:00 PM PDT - 09/17/2020 02:02 PM PDT (1 hour 2 minutes),1 hour 2 minutes,Thu,09/17/2020,1 hour 31 minutes
706213083,Mental Health Careers HPC Session,97,Student-26,Student-26,Student-26,Student-26,Poll,7,n/a,n/a,09/17/2020,01:08:52 PM PDT,How informed are you about careers in Mental Health?,Somewhat uninformed,Yes,09/17/2020 01:00 PM PDT - 09/17/2020 02:02 PM PDT (1 hour 2 minutes),1 hour 2 minutes,Thu,09/17/2020,1 hour 31 minutes
706213083,Mental Health Careers HPC Session,97,Student-26,Student-26,Student-26,Student-26,Poll,8,n/a,n/a,09/17/2020,02:00:50 PM PDT,How interested are you in pursuing a career in Mental Health (Post),Very Interested,Yes,09/17/2020 01:00 PM PDT - 09/17/2020 02:02 PM PDT (1 hour 2 minutes),1 hour 2 minutes,Thu,09/17/2020,1 hour 31 minutes
706213083,Mental Health Careers HPC Session,97,Student-26,Student-26,Student-26,Student-26,Survey,9,n/a,n/a,09/17/2020,02:03:43 PM PDT,What did you learn from this session?,I learned something new that is useful to me.,Yes,09/17/2020 01:00 PM PDT - 09/17/2020 02:02 PM PDT (1 hour 2 minutes),1 hour 2 minutes,Thu,09/17/2020,1 hour 31 minutes
706213083,Mental Health Careers HPC Session,97,Student-26,Student-26,Student-26,Student-26,Survey,10,n/a,n/a,09/17/2020,02:03:43 PM PDT,What suggestions do you have for making the virtual HPC session better?,Possibly more interactive.,Yes,09/17/2020 01:00 PM PDT - 09/17/2020 02:02 PM PDT (1 hour 2 minutes),1 hour 2 minutes,Thu,09/17/2020,1 hour 31 minutes
706213083,Mental Health Careers HPC Session,97,Student-26,Student-26,Student-26,Student-26,Survey,11,n/a,n/a,09/17/2020,02:03:43 PM PDT,Please share what you learned from this session.,"The different jobs I may want to be involved in, as well as more information about this field that is important.",Yes,09/17/2020 01:00 PM PDT - 09/17/2020 02:02 PM PDT (1 hour 2 minutes),1 hour 2 minutes,Thu,09/17/2020,1 hour 31 minutes
706213083,Mental Health Careers HPC Session,97,Student-26,Student-26,Student-26,Student-26,Survey,12,n/a,n/a,09/17/2020,02:03:43 PM PDT,How likely is it that you would recommend the Health Professions Conference session to a friend?,8,Yes,09/17/2020 01:00 PM PDT - 09/17/2020 02:02 PM PDT (1 hour 2 minutes),1 hour 2 minutes,Thu,09/17/2020,1 hour 31 minutes
706213083,Mental Health Careers HPC Session,97,Student-26,Student-26,Student-26,Student-26,Survey,13,n/a,n/a,09/17/2020,02:03:43 PM PDT,What school do you attend?,Cajon High,Yes,09/17/2020 01:00 PM PDT - 09/17/2020 02:02 PM PDT (1 hour 2 minutes),1 hour 2 minutes,Thu,09/17/2020,1 hour 31 minutes
706213083,Mental Health Careers HPC Session,94,Student-27,Student-27,Student-27,Student-27,Poll,1,n/a,n/a,09/17/2020,02:00:28 PM PDT,How informed are you about careers in Mental Health? (Post),Very Informed,Yes,09/17/2020 01:00 PM PDT - 09/17/2020 02:02 PM PDT (1 hour 2 minutes),1 hour 2 minutes,Thu,09/17/2020,1 hour 31 minutes
706213083,Mental Health Careers HPC Session,94,Student-27,Student-27,Student-27,Student-27,Poll,2,n/a,n/a,09/17/2020,01:54:39 PM PDT,Which of the following careers in Behavioral Health interests you most?,"Community Advocate (Peer Support, Behavioral H. Specialist)",Yes,09/17/2020 01:00 PM PDT - 09/17/2020 02:02 PM PDT (1 hour 2 minutes),1 hour 2 minutes,Thu,09/17/2020,1 hour 31 minutes
706213083,Mental Health Careers HPC Session,94,Student-27,Student-27,Student-27,Student-27,Poll,3,n/a,n/a,09/17/2020,01:10:35 PM PDT,How interested are you in pursuing a career in mental health?,Somewhat interested,Yes,09/17/2020 01:00 PM PDT - 09/17/2020 02:02 PM PDT (1 hour 2 minutes),1 hour 2 minutes,Thu,09/17/2020,1 hour 31 minutes
706213083,Mental Health Careers HPC Session,94,Student-27,Student-27,Student-27,Student-27,Poll,4,n/a,n/a,09/17/2020,01:08:52 PM PDT,How informed are you about careers in Mental Health?,Somewhat uninformed,Yes,09/17/2020 01:00 PM PDT - 09/17/2020 02:02 PM PDT (1 hour 2 minutes),1 hour 2 minutes,Thu,09/17/2020,1 hour 31 minutes
706213083,Mental Health Careers HPC Session,94,Student-27,Student-27,Student-27,Student-27,Poll,5,n/a,n/a,09/17/2020,02:00:50 PM PDT,How interested are you in pursuing a career in Mental Health (Post),Very Interested,Yes,09/17/2020 01:00 PM PDT - 09/17/2020 02:02 PM PDT (1 hour 2 minutes),1 hour 2 minutes,Thu,09/17/2020,1 hour 31 minutes
706213083,Mental Health Careers HPC Session,94,Student-27,Student-27,Student-27,Student-27,Survey,6,n/a,n/a,09/17/2020,02:02:57 PM PDT,What did you learn from this session?,I learned something new that is useful to me.,Yes,09/17/2020 01:00 PM PDT - 09/17/2020 02:02 PM PDT (1 hour 2 minutes),1 hour 2 minutes,Thu,09/17/2020,1 hour 31 minutes
706213083,Mental Health Careers HPC Session,94,Student-27,Student-27,Student-27,Student-27,Survey,7,n/a,n/a,09/17/2020,02:02:57 PM PDT,What suggestions do you have for making the virtual HPC session better?,N/A,Yes,09/17/2020 01:00 PM PDT - 09/17/2020 02:02 PM PDT (1 hour 2 minutes),1 hour 2 minutes,Thu,09/17/2020,1 hour 31 minutes
706213083,Mental Health Careers HPC Session,94,Student-27,Student-27,Student-27,Student-27,Survey,8,n/a,n/a,09/17/2020,02:02:57 PM PDT,Please share what you learned from this session.,More about careers I am interested in.,Yes,09/17/2020 01:00 PM PDT - 09/17/2020 02:02 PM PDT (1 hour 2 minutes),1 hour 2 minutes,Thu,09/17/2020,1 hour 31 minutes
706213083,Mental Health Careers HPC Session,94,Student-27,Student-27,Student-27,Student-27,Survey,9,n/a,n/a,09/17/2020,02:02:57 PM PDT,How likely is it that you would recommend the Health Professions Conference session to a friend?,10,Yes,09/17/2020 01:00 PM PDT - 09/17/2020 02:02 PM PDT (1 hour 2 minutes),1 hour 2 minutes,Thu,09/17/2020,1 hour 31 minutes
706213083,Mental Health Careers HPC Session,94,Student-27,Student-27,Student-27,Student-27,Survey,10,n/a,n/a,09/17/2020,02:02:57 PM PDT,What school do you attend?,Cajon High School,Yes,09/17/2020 01:00 PM PDT - 09/17/2020 02:02 PM PDT (1 hour 2 minutes),1 hour 2 minutes,Thu,09/17/2020,1 hour 31 minutes
706213083,Mental Health Careers HPC Session,88,Student-28,Student-28,Student-28,Student-28,Poll,1,n/a,n/a,09/17/2020,01:10:35 PM PDT,How interested are you in pursuing a career in mental health?,Somewhat interested,Yes,09/17/2020 12:52 PM PDT - 09/17/2020 01:24 PM PDT (32 minutes),32 minutes,Thu,09/17/2020,1 hour 31 minutes
706213083,Mental Health Careers HPC Session,88,Student-28,Student-28,Student-28,Student-28,Poll,2,n/a,n/a,09/17/2020,01:08:52 PM PDT,How informed are you about careers in Mental Health?,Somewhat informed,Yes,09/17/2020 12:52 PM PDT - 09/17/2020 01:24 PM PDT (32 minutes),32 minutes,Thu,09/17/2020,1 hour 31 minutes
706213083,Mental Health Careers HPC Session,91,Student-29,Student-29,Student-29,Student-29,Poll,1,n/a,n/a,09/17/2020,02:00:28 PM PDT,How informed are you about careers in Mental Health? (Post),Very Informed,Yes,09/17/2020 01:16 PM PDT - 09/17/2020 02:02 PM PDT (46 minutes),46 minutes,Thu,09/17/2020,1 hour 31 minutes
706213083,Mental Health Careers HPC Session,91,Student-29,Student-29,Student-29,Student-29,Poll,2,n/a,n/a,09/17/2020,01:54:39 PM PDT,Which of the following careers in Behavioral Health interests you most?,"Clinical Therapist (MFT, LCSW, PCC)",Yes,09/17/2020 01:16 PM PDT - 09/17/2020 02:02 PM PDT (46 minutes),46 minutes,Thu,09/17/2020,1 hour 31 minutes
706213083,Mental Health Careers HPC Session,91,Student-29,Student-29,Student-29,Student-29,Poll,3,n/a,n/a,09/17/2020,02:00:50 PM PDT,How interested are you in pursuing a career in Mental Health (Post),Very Interested,Yes,09/17/2020 01:16 PM PDT - 09/17/2020 02:02 PM PDT (46 minutes),46 minutes,Thu,09/17/2020,1 hour 31 minutes
706213083,Mental Health Careers HPC Session,93,Student-30,Student-30,Student-30,Student-30,Poll,1,n/a,n/a,09/17/2020,02:00:27 PM PDT,How informed are you about careers in Mental Health? (Post),Very Informed,Yes,09/17/2020 01:03 PM PDT - 09/17/2020 02:02 PM PDT (59 minutes),59 minutes,Thu,09/17/2020,1 hour 31 minutes
706213083,Mental Health Careers HPC Session,93,Student-30,Student-30,Student-30,Student-30,Poll,2,n/a,n/a,09/17/2020,01:54:39 PM PDT,Which of the following careers in Behavioral Health interests you most?,"Psychiatry (Nurse, MD, Technician)",Yes,09/17/2020 01:03 PM PDT - 09/17/2020 02:02 PM PDT (59 minutes),59 minutes,Thu,09/17/2020,1 hour 31 minutes
706213083,Mental Health Careers HPC Session,93,Student-30,Student-30,Student-30,Student-30,Poll,3,n/a,n/a,09/17/2020,01:10:35 PM PDT,How interested are you in pursuing a career in mental health?,Very interested,Yes,09/17/2020 01:03 PM PDT - 09/17/2020 02:02 PM PDT (59 minutes),59 minutes,Thu,09/17/2020,1 hour 31 minutes
706213083,Mental Health Careers HPC Session,93,Student-30,Student-30,Student-30,Student-30,Poll,4,n/a,n/a,09/17/2020,01:08:52 PM PDT,How informed are you about careers in Mental Health?,Somewhat informed,Yes,09/17/2020 01:03 PM PDT - 09/17/2020 02:02 PM PDT (59 minutes),59 minutes,Thu,09/17/2020,1 hour 31 minutes
706213083,Mental Health Careers HPC Session,93,Student-30,Student-30,Student-30,Student-30,Poll,5,n/a,n/a,09/17/2020,02:00:50 PM PDT,How interested are you in pursuing a career in Mental Health (Post),Very Interested,Yes,09/17/2020 01:03 PM PDT - 09/17/2020 02:02 PM PDT (59 minutes),59 minutes,Thu,09/17/2020,1 hour 31 minutes
706213083,Mental Health Careers HPC Session,93,Student-30,Student-30,Student-30,Student-30,Survey,6,n/a,n/a,09/17/2020,02:03:03 PM PDT,What did you learn from this session?,I learned something new that is useful to me.,Yes,09/17/2020 01:03 PM PDT - 09/17/2020 02:02 PM PDT (59 minutes),59 minutes,Thu,09/17/2020,1 hour 31 minutes
706213083,Mental Health Careers HPC Session,93,Student-30,Student-30,Student-30,Student-30,Survey,7,n/a,n/a,09/17/2020,02:03:03 PM PDT,What suggestions do you have for making the virtual HPC session better?,,Yes,09/17/2020 01:03 PM PDT - 09/17/2020 02:02 PM PDT (59 minutes),59 minutes,Thu,09/17/2020,1 hour 31 minutes
706213083,Mental Health Careers HPC Session,93,Student-30,Student-30,Student-30,Student-30,Survey,8,n/a,n/a,09/17/2020,02:03:03 PM PDT,Please share what you learned from this session.,I learned that in order to go into a mental health career you do not only have to go to medical school.,Yes,09/17/2020 01:03 PM PDT - 09/17/2020 02:02 PM PDT (59 minutes),59 minutes,Thu,09/17/2020,1 hour 31 minutes
706213083,Mental Health Careers HPC Session,93,Student-30,Student-30,Student-30,Student-30,Survey,9,n/a,n/a,09/17/2020,02:03:03 PM PDT,How likely is it that you would recommend the Health Professions Conference session to a friend?,8,Yes,09/17/2020 01:03 PM PDT - 09/17/2020 02:02 PM PDT (59 minutes),59 minutes,Thu,09/17/2020,1 hour 31 minutes
706213083,Mental Health Careers HPC Session,93,Student-30,Student-30,Student-30,Student-30,Survey,10,n/a,n/a,09/17/2020,02:03:03 PM PDT,What school do you attend?,Eleanor Roosevelt High School,Yes,09/17/2020 01:03 PM PDT - 09/17/2020 02:02 PM PDT (59 minutes),59 minutes,Thu,09/17/2020,1 hour 31 minutes
706213083,Mental Health Careers HPC Session,75,Student-31,Student-31,Student-31,Student-31,Q&A,1,09/17/2020,01:09:07 PM PDT,09/17/2020,01:10:15 PM PDT,Behaviorial is based on an outside stimulus and reaction with mental health focusing on cognitive,Very good answer. Thank you!,Yes,09/17/2020 01:00 PM PDT - 09/17/2020 02:02 PM PDT (1 hour 2 minutes),1 hour 2 minutes,Thu,09/17/2020,1 hour 31 minutes
706213083,Mental Health Careers HPC Session,75,Student-31,Student-31,Student-31,Student-31,Poll,2,n/a,n/a,09/17/2020,02:00:28 PM PDT,How informed are you about careers in Mental Health? (Post),Very Informed,Yes,09/17/2020 01:00 PM PDT - 09/17/2020 02:02 PM PDT (1 hour 2 minutes),1 hour 2 minutes,Thu,09/17/2020,1 hour 31 minutes
706213083,Mental Health Careers HPC Session,75,Student-31,Student-31,Student-31,Student-31,Poll,3,n/a,n/a,09/17/2020,01:10:35 PM PDT,How interested are you in pursuing a career in mental health?,Somewhat interested,Yes,09/17/2020 01:00 PM PDT - 09/17/2020 02:02 PM PDT (1 hour 2 minutes),1 hour 2 minutes,Thu,09/17/2020,1 hour 31 minutes
706213083,Mental Health Careers HPC Session,75,Student-31,Student-31,Student-31,Student-31,Poll,4,n/a,n/a,09/17/2020,01:08:52 PM PDT,How informed are you about careers in Mental Health?,Somewhat informed,Yes,09/17/2020 01:00 PM PDT - 09/17/2020 02:02 PM PDT (1 hour 2 minutes),1 hour 2 minutes,Thu,09/17/2020,1 hour 31 minutes
706213083,Mental Health Careers HPC Session,75,Student-31,Student-31,Student-31,Student-31,Poll,5,n/a,n/a,09/17/2020,02:00:51 PM PDT,How interested are you in pursuing a career in Mental Health (Post),Somewhat Interested,Yes,09/17/2020 01:00 PM PDT - 09/17/2020 02:02 PM PDT (1 hour 2 minutes),1 hour 2 minutes,Thu,09/17/2020,1 hour 31 minutes
706213083,Mental Health Careers HPC Session,89,Student-32,Student-32,Student-32,Student-32,Q&A,1,09/17/2020,01:06:40 PM PDT,09/17/2020,01:11:55 PM PDT,I can hear well,Thanks Miguel,Yes,09/17/2020 01:01 PM PDT - 09/17/2020 02:02 PM PDT (1 hour 1 minute),1 hour 1 minute,Thu,09/17/2020,1 hour 31 minutes
706213083,Mental Health Careers HPC Session,89,Student-32,Student-32,Student-32,Student-32,Poll,2,n/a,n/a,09/17/2020,02:00:27 PM PDT,How informed are you about careers in Mental Health? (Post),Very Informed,Yes,09/17/2020 01:01 PM PDT - 09/17/2020 02:02 PM PDT (1 hour 1 minute),1 hour 1 minute,Thu,09/17/2020,1 hour 31 minutes
706213083,Mental Health Careers HPC Session,89,Student-32,Student-32,Student-32,Student-32,Poll,3,n/a,n/a,09/17/2020,02:00:50 PM PDT,How interested are you in pursuing a career in Mental Health (Post),Somewhat Interested,Yes,09/17/2020 01:01 PM PDT - 09/17/2020 02:02 PM PDT (1 hour 1 minute),1 hour 1 minute,Thu,09/17/2020,1 hour 31 minutes
706213083,Mental Health Careers HPC Session,85,Student-33,Student-33,Student-33,Student-33,Poll,1,n/a,n/a,09/17/2020,01:10:35 PM PDT,How interested are you in pursuing a career in mental health?,Somewhat interested,Yes,09/17/2020 12:50 PM PDT - 09/17/2020 01:17 PM PDT (27 minutes),27 minutes,Thu,09/17/2020,1 hour 31 minutes
706213083,Mental Health Careers HPC Session,88,Student-34,Student-34,Student-34,Student-34,Poll,1,n/a,n/a,09/17/2020,02:00:28 PM PDT,How informed are you about careers in Mental Health? (Post),Very Uninformed,Yes,09/17/2020 12:55 PM PDT - 09/17/2020 02:02 PM PDT (1 hour 7 minutes),1 hour 7 minutes,Thu,09/17/2020,1 hour 31 minutes
706213083,Mental Health Careers HPC Session,86,Student-35,Student-35,Student-35,Student-35,Poll,1,n/a,n/a,09/17/2020,01:10:35 PM PDT,How interested are you in pursuing a career in mental health?,Very interested,Yes,"09/17/2020 01:04 PM PDT - 09/17/2020 01:06 PM PDT (2 minutes),09/17/2020 01:06 PM PDT - 09/17/2020 01:22 PM PDT (17 minutes)",19 minutes,Thu,09/17/2020,1 hour 31 minutes
706213083,Mental Health Careers HPC Session,86,Student-35,Student-35,Student-35,Student-35,Poll,2,n/a,n/a,09/17/2020,01:08:52 PM PDT,How informed are you about careers in Mental Health?,Somewhat informed,Yes,"09/17/2020 01:04 PM PDT - 09/17/2020 01:06 PM PDT (2 minutes),09/17/2020 01:06 PM PDT - 09/17/2020 01:22 PM PDT (17 minutes)",19 minutes,Thu,09/17/2020,1 hour 31 minutes
706213083,Mental Health Careers HPC Session,87,Student-36,Student-36,Student-36,Student-36,Q&A,1,09/17/2020,01:20:00 PM PDT,09/17/2020,01:22:52 PM PDT,what degrees do i need to get to being a therapist  or psychiatrist? and how does it  take do get these degrees,Great question! We will ask during the Q & A :),Yes,09/17/2020 01:12 PM PDT - 09/17/2020 01:54 PM PDT (42 minutes),42 minutes,Thu,09/17/2020,1 hour 31 minutes
706213083,Mental Health Careers HPC Session,87,Student-36,Student-36,Student-36,Student-36,Poll,2,n/a,n/a,09/17/2020,01:54:39 PM PDT,Which of the following careers in Behavioral Health interests you most?,"Clinical Therapist (MFT, LCSW, PCC)",Yes,09/17/2020 01:12 PM PDT - 09/17/2020 01:54 PM PDT (42 minutes),42 minutes,Thu,09/17/2020,1 hour 31 minutes
706213083,Mental Health Careers HPC Session,89,Student-37,Student-37,Student-37,Student-37,Poll,1,n/a,n/a,09/17/2020,02:00:51 PM PDT,How interested are you in pursuing a career in Mental Health (Post),Somewhat Interested,Yes,09/17/2020 12:59 PM PDT - 09/17/2020 02:02 PM PDT (1 hour 4 minutes),1 hour 4 minutes,Thu,09/17/2020,1 hour 31 minutes
706213083,Mental Health Careers HPC Session,93,Student-38,Student-38,Student-38,Student-38,Poll,1,n/a,n/a,09/17/2020,02:00:28 PM PDT,How informed are you about careers in Mental Health? (Post),Very Uninformed,Yes,09/17/2020 12:56 PM PDT - 09/17/2020 02:02 PM PDT (1 hour 6 minutes),1 hour 6 minutes,Thu,09/17/2020,1 hour 31 minutes
706213083,Mental Health Careers HPC Session,93,Student-38,Student-38,Student-38,Student-38,Poll,2,n/a,n/a,09/17/2020,01:08:52 PM PDT,How informed are you about careers in Mental Health?,Somewhat informed,Yes,09/17/2020 12:56 PM PDT - 09/17/2020 02:02 PM PDT (1 hour 6 minutes),1 hour 6 minutes,Thu,09/17/2020,1 hour 31 minutes
706213083,Mental Health Careers HPC Session,93,Student-38,Student-38,Student-38,Student-38,Poll,3,n/a,n/a,09/17/2020,02:00:50 PM PDT,How interested are you in pursuing a career in Mental Health (Post),Very Interested,Yes,09/17/2020 12:56 PM PDT - 09/17/2020 02:02 PM PDT (1 hour 6 minutes),1 hour 6 minutes,Thu,09/17/2020,1 hour 31 minutes
706213083,Mental Health Careers HPC Session,43,Student-39,Student-39,Student-39,Student-39,Poll,1,n/a,n/a,09/17/2020,01:54:39 PM PDT,Which of the following careers in Behavioral Health interests you most?,Other,Yes,09/17/2020 01:36 PM PDT - 09/17/2020 02:02 PM PDT (27 minutes),27 minutes,Thu,09/17/2020,1 hour 31 minutes
706213083,Mental Health Careers HPC Session,43,Student-39,Student-39,Student-39,Student-39,Poll,2,n/a,n/a,09/17/2020,02:00:51 PM PDT,How interested are you in pursuing a career in Mental Health (Post),Somewhat Interested,Yes,09/17/2020 01:36 PM PDT - 09/17/2020 02:02 PM PDT (27 minutes),27 minutes,Thu,09/17/2020,1 hour 31 minutes
706213083,Mental Health Careers HPC Session,90,Student-40,Student-40,Student-40,Student-40,Q&A,1,09/17/2020,01:38:52 PM PDT,,,We can fight stigma by including everyone and supporting them.,,Yes,09/17/2020 01:27 PM PDT - 09/17/2020 02:02 PM PDT (36 minutes),36 minutes,Thu,09/17/2020,1 hour 31 minutes
706213083,Mental Health Careers HPC Session,90,Student-40,Student-40,Student-40,Student-40,Poll,2,n/a,n/a,09/17/2020,02:00:28 PM PDT,How informed are you about careers in Mental Health? (Post),Very Informed,Yes,09/17/2020 01:27 PM PDT - 09/17/2020 02:02 PM PDT (36 minutes),36 minutes,Thu,09/17/2020,1 hour 31 minutes
706213083,Mental Health Careers HPC Session,90,Student-40,Student-40,Student-40,Student-40,Poll,3,n/a,n/a,09/17/2020,01:54:39 PM PDT,Which of the following careers in Behavioral Health interests you most?,"Psychiatry (Nurse, MD, Technician)",Yes,09/17/2020 01:27 PM PDT - 09/17/2020 02:02 PM PDT (36 minutes),36 minutes,Thu,09/17/2020,1 hour 31 minutes
706213083,Mental Health Careers HPC Session,90,Student-40,Student-40,Student-40,Student-40,Poll,4,n/a,n/a,09/17/2020,02:00:51 PM PDT,How interested are you in pursuing a career in Mental Health (Post),Somewhat Interested,Yes,09/17/2020 01:27 PM PDT - 09/17/2020 02:02 PM PDT (36 minutes),36 minutes,Thu,09/17/2020,1 hour 31 minutes
706213083,Mental Health Careers HPC Session,97,Student-41,Student-41,Student-41,Student-41,Q&A,1,09/17/2020,01:55:42 PM PDT,,,What degrees do I need to become a forensic psychologist? I'm really interested in law/justice and psychology.,,Yes,09/17/2020 12:58 PM PDT - 09/17/2020 02:02 PM PDT (1 hour 4 minutes),1 hour 4 minutes,Thu,09/17/2020,1 hour 31 minutes
706213083,Mental Health Careers HPC Session,97,Student-41,Student-41,Student-41,Student-41,Poll,2,n/a,n/a,09/17/2020,02:00:28 PM PDT,How informed are you about careers in Mental Health? (Post),Very Informed,Yes,09/17/2020 12:58 PM PDT - 09/17/2020 02:02 PM PDT (1 hour 4 minutes),1 hour 4 minutes,Thu,09/17/2020,1 hour 31 minutes
706213083,Mental Health Careers HPC Session,97,Student-41,Student-41,Student-41,Student-41,Poll,3,n/a,n/a,09/17/2020,01:54:39 PM PDT,Which of the following careers in Behavioral Health interests you most?,Other,Yes,09/17/2020 12:58 PM PDT - 09/17/2020 02:02 PM PDT (1 hour 4 minutes),1 hour 4 minutes,Thu,09/17/2020,1 hour 31 minutes
706213083,Mental Health Careers HPC Session,97,Student-41,Student-41,Student-41,Student-41,Poll,4,n/a,n/a,09/17/2020,01:10:35 PM PDT,How interested are you in pursuing a career in mental health?,Very interested,Yes,09/17/2020 12:58 PM PDT - 09/17/2020 02:02 PM PDT (1 hour 4 minutes),1 hour 4 minutes,Thu,09/17/2020,1 hour 31 minutes
706213083,Mental Health Careers HPC Session,97,Student-41,Student-41,Student-41,Student-41,Poll,5,n/a,n/a,09/17/2020,01:08:52 PM PDT,How informed are you about careers in Mental Health?,Somewhat informed,Yes,09/17/2020 12:58 PM PDT - 09/17/2020 02:02 PM PDT (1 hour 4 minutes),1 hour 4 minutes,Thu,09/17/2020,1 hour 31 minutes
706213083,Mental Health Careers HPC Session,97,Student-41,Student-41,Student-41,Student-41,Poll,6,n/a,n/a,09/17/2020,02:00:51 PM PDT,How interested are you in pursuing a career in Mental Health (Post),Very Interested,Yes,09/17/2020 12:58 PM PDT - 09/17/2020 02:02 PM PDT (1 hour 4 minutes),1 hour 4 minutes,Thu,09/17/2020,1 hour 31 minutes
706213083,Mental Health Careers HPC Session,97,Student-41,Student-41,Student-41,Student-41,Survey,7,n/a,n/a,09/17/2020,02:03:05 PM PDT,What did you learn from this session?,I learned something new that is useful to me.,Yes,09/17/2020 12:58 PM PDT - 09/17/2020 02:02 PM PDT (1 hour 4 minutes),1 hour 4 minutes,Thu,09/17/2020,1 hour 31 minutes
706213083,Mental Health Careers HPC Session,97,Student-41,Student-41,Student-41,Student-41,Survey,8,n/a,n/a,09/17/2020,02:03:05 PM PDT,What suggestions do you have for making the virtual HPC session better?,"Nothing, it was very informing.",Yes,09/17/2020 12:58 PM PDT - 09/17/2020 02:02 PM PDT (1 hour 4 minutes),1 hour 4 minutes,Thu,09/17/2020,1 hour 31 minutes
706213083,Mental Health Careers HPC Session,97,Student-41,Student-41,Student-41,Student-41,Survey,9,n/a,n/a,09/17/2020,02:03:05 PM PDT,Please share what you learned from this session.,I learned what it takes to become someone in the psychology field.,Yes,09/17/2020 12:58 PM PDT - 09/17/2020 02:02 PM PDT (1 hour 4 minutes),1 hour 4 minutes,Thu,09/17/2020,1 hour 31 minutes
706213083,Mental Health Careers HPC Session,97,Student-41,Student-41,Student-41,Student-41,Survey,10,n/a,n/a,09/17/2020,02:03:05 PM PDT,How likely is it that you would recommend the Health Professions Conference session to a friend?,5,Yes,09/17/2020 12:58 PM PDT - 09/17/2020 02:02 PM PDT (1 hour 4 minutes),1 hour 4 minutes,Thu,09/17/2020,1 hour 31 minutes
706213083,Mental Health Careers HPC Session,97,Student-41,Student-41,Student-41,Student-41,Survey,11,n/a,n/a,09/17/2020,02:03:05 PM PDT,What school do you attend?,Cajon High School,Yes,09/17/2020 12:58 PM PDT - 09/17/2020 02:02 PM PDT (1 hour 4 minutes),1 hour 4 minutes,Thu,09/17/2020,1 hour 31 minutes
706213083,Mental Health Careers HPC Session,76,Student-42,Student-42,Student-42,Student-42,Poll,1,n/a,n/a,09/17/2020,01:10:35 PM PDT,How interested are you in pursuing a career in mental health?,Somewhat interested,Yes,09/17/2020 12:55 PM PDT - 09/17/2020 01:49 PM PDT (55 minutes),55 minutes,Thu,09/17/2020,1 hour 31 minutes
706213083,Mental Health Careers HPC Session,76,Student-42,Student-42,Student-42,Student-42,Poll,2,n/a,n/a,09/17/2020,01:08:52 PM PDT,How informed are you about careers in Mental Health?,Somewhat informed,Yes,09/17/2020 12:55 PM PDT - 09/17/2020 01:49 PM PDT (55 minutes),55 minutes,Thu,09/17/2020,1 hour 31 minutes
706213083,Mental Health Careers HPC Session,97,Student-43,Student-43,Student-43,Student-43,Poll,1,n/a,n/a,09/17/2020,02:00:28 PM PDT,How informed are you about careers in Mental Health? (Post),Somewhat Informed,Yes,09/17/2020 01:01 PM PDT - 09/17/2020 02:02 PM PDT (1 hour 1 minute),1 hour 1 minute,Thu,09/17/2020,1 hour 31 minutes
706213083,Mental Health Careers HPC Session,97,Student-43,Student-43,Student-43,Student-43,Poll,2,n/a,n/a,09/17/2020,01:54:39 PM PDT,Which of the following careers in Behavioral Health interests you most?,Social Work/Public Health Administration,Yes,09/17/2020 01:01 PM PDT - 09/17/2020 02:02 PM PDT (1 hour 1 minute),1 hour 1 minute,Thu,09/17/2020,1 hour 31 minutes
706213083,Mental Health Careers HPC Session,97,Student-43,Student-43,Student-43,Student-43,Poll,3,n/a,n/a,09/17/2020,01:10:35 PM PDT,How interested are you in pursuing a career in mental health?,Somewhat interested,Yes,09/17/2020 01:01 PM PDT - 09/17/2020 02:02 PM PDT (1 hour 1 minute),1 hour 1 minute,Thu,09/17/2020,1 hour 31 minutes
706213083,Mental Health Careers HPC Session,97,Student-43,Student-43,Student-43,Student-43,Poll,4,n/a,n/a,09/17/2020,01:08:52 PM PDT,How informed are you about careers in Mental Health?,Somewhat informed,Yes,09/17/2020 01:01 PM PDT - 09/17/2020 02:02 PM PDT (1 hour 1 minute),1 hour 1 minute,Thu,09/17/2020,1 hour 31 minutes
706213083,Mental Health Careers HPC Session,97,Student-43,Student-43,Student-43,Student-43,Poll,5,n/a,n/a,09/17/2020,02:00:50 PM PDT,How interested are you in pursuing a career in Mental Health (Post),Very Interested,Yes,09/17/2020 01:01 PM PDT - 09/17/2020 02:02 PM PDT (1 hour 1 minute),1 hour 1 minute,Thu,09/17/2020,1 hour 31 minutes
706213083,Mental Health Careers HPC Session,97,Student-43,Student-43,Student-43,Student-43,Survey,6,n/a,n/a,09/17/2020,02:04:31 PM PDT,What did you learn from this session?,I learned something new that is useful to me.,Yes,09/17/2020 01:01 PM PDT - 09/17/2020 02:02 PM PDT (1 hour 1 minute),1 hour 1 minute,Thu,09/17/2020,1 hour 31 minutes
706213083,Mental Health Careers HPC Session,97,Student-43,Student-43,Student-43,Student-43,Survey,7,n/a,n/a,09/17/2020,02:04:31 PM PDT,What suggestions do you have for making the virtual HPC session better?,,Yes,09/17/2020 01:01 PM PDT - 09/17/2020 02:02 PM PDT (1 hour 1 minute),1 hour 1 minute,Thu,09/17/2020,1 hour 31 minutes
706213083,Mental Health Careers HPC Session,97,Student-43,Student-43,Student-43,Student-43,Survey,8,n/a,n/a,09/17/2020,02:04:31 PM PDT,Please share what you learned from this session.,I learned about mental and behavioral health carrers.,Yes,09/17/2020 01:01 PM PDT - 09/17/2020 02:02 PM PDT (1 hour 1 minute),1 hour 1 minute,Thu,09/17/2020,1 hour 31 minutes
706213083,Mental Health Careers HPC Session,97,Student-43,Student-43,Student-43,Student-43,Survey,9,n/a,n/a,09/17/2020,02:04:31 PM PDT,How likely is it that you would recommend the Health Professions Conference session to a friend?,5,Yes,09/17/2020 01:01 PM PDT - 09/17/2020 02:02 PM PDT (1 hour 1 minute),1 hour 1 minute,Thu,09/17/2020,1 hour 31 minutes
706213083,Mental Health Careers HPC Session,97,Student-43,Student-43,Student-43,Student-43,Survey,10,n/a,n/a,09/17/2020,02:04:31 PM PDT,What school do you attend?,Cajon High School,Yes,09/17/2020 01:01 PM PDT - 09/17/2020 02:02 PM PDT (1 hour 1 minute),1 hour 1 minute,Thu,09/17/2020,1 hour 31 minutes
706213083,Mental Health Careers HPC Session,90,Student-44,Student-44,Student-44,Student-44,Poll,1,n/a,n/a,09/17/2020,02:00:28 PM PDT,How informed are you about careers in Mental Health? (Post),Somewhat Informed,Yes,09/17/2020 01:05 PM PDT - 09/17/2020 02:02 PM PDT (58 minutes),58 minutes,Thu,09/17/2020,1 hour 31 minutes
706213083,Mental Health Careers HPC Session,90,Student-44,Student-44,Student-44,Student-44,Poll,2,n/a,n/a,09/17/2020,02:00:51 PM PDT,How interested are you in pursuing a career in Mental Health (Post),Not Interested,Yes,09/17/2020 01:05 PM PDT - 09/17/2020 02:02 PM PDT (58 minutes),58 minutes,Thu,09/17/2020,1 hour 31 minutes
706213083,Mental Health Careers HPC Session,90,Student-44,Student-44,Student-44,Student-44,Survey,3,n/a,n/a,09/17/2020,02:03:01 PM PDT,What did you learn from this session?,I learned something new but I am not sure how it applies to me.,Yes,09/17/2020 01:05 PM PDT - 09/17/2020 02:02 PM PDT (58 minutes),58 minutes,Thu,09/17/2020,1 hour 31 minutes
706213083,Mental Health Careers HPC Session,90,Student-44,Student-44,Student-44,Student-44,Survey,4,n/a,n/a,09/17/2020,02:03:01 PM PDT,What suggestions do you have for making the virtual HPC session better?,I think it was fine.,Yes,09/17/2020 01:05 PM PDT - 09/17/2020 02:02 PM PDT (58 minutes),58 minutes,Thu,09/17/2020,1 hour 31 minutes
706213083,Mental Health Careers HPC Session,90,Student-44,Student-44,Student-44,Student-44,Survey,5,n/a,n/a,09/17/2020,02:03:01 PM PDT,Please share what you learned from this session.,Mental health and what it takes to pursue a career in mental health,Yes,09/17/2020 01:05 PM PDT - 09/17/2020 02:02 PM PDT (58 minutes),58 minutes,Thu,09/17/2020,1 hour 31 minutes
706213083,Mental Health Careers HPC Session,90,Student-44,Student-44,Student-44,Student-44,Survey,6,n/a,n/a,09/17/2020,02:03:01 PM PDT,How likely is it that you would recommend the Health Professions Conference session to a friend?,10,Yes,09/17/2020 01:05 PM PDT - 09/17/2020 02:02 PM PDT (58 minutes),58 minutes,Thu,09/17/2020,1 hour 31 minutes
706213083,Mental Health Careers HPC Session,90,Student-44,Student-44,Student-44,Student-44,Survey,7,n/a,n/a,09/17/2020,02:03:01 PM PDT,What school do you attend?,Cajon High School,Yes,09/17/2020 01:05 PM PDT - 09/17/2020 02:02 PM PDT (58 minutes),58 minutes,Thu,09/17/2020,1 hour 31 minutes
706213083,Mental Health Careers HPC Session,94,Student-45,Student-45,Student-45,Student-45,Poll,1,n/a,n/a,09/17/2020,02:00:28 PM PDT,How informed are you about careers in Mental Health? (Post),Very Informed,Yes,09/17/2020 01:04 PM PDT - 09/17/2020 02:02 PM PDT (58 minutes),58 minutes,Thu,09/17/2020,1 hour 31 minutes
706213083,Mental Health Careers HPC Session,94,Student-45,Student-45,Student-45,Student-45,Poll,2,n/a,n/a,09/17/2020,01:54:39 PM PDT,Which of the following careers in Behavioral Health interests you most?,Social Work/Public Health Administration,Yes,09/17/2020 01:04 PM PDT - 09/17/2020 02:02 PM PDT (58 minutes),58 minutes,Thu,09/17/2020,1 hour 31 minutes
706213083,Mental Health Careers HPC Session,94,Student-45,Student-45,Student-45,Student-45,Poll,3,n/a,n/a,09/17/2020,01:08:52 PM PDT,How informed are you about careers in Mental Health?,Somewhat informed,Yes,09/17/2020 01:04 PM PDT - 09/17/2020 02:02 PM PDT (58 minutes),58 minutes,Thu,09/17/2020,1 hour 31 minutes
706213083,Mental Health Careers HPC Session,94,Student-45,Student-45,Student-45,Student-45,Poll,4,n/a,n/a,09/17/2020,02:00:50 PM PDT,How interested are you in pursuing a career in Mental Health (Post),Somewhat Interested,Yes,09/17/2020 01:04 PM PDT - 09/17/2020 02:02 PM PDT (58 minutes),58 minutes,Thu,09/17/2020,1 hour 31 minutes
706213083,Mental Health Careers HPC Session,94,Student-45,Student-45,Student-45,Student-45,Survey,5,n/a,n/a,09/17/2020,02:02:41 PM PDT,What did you learn from this session?,I learned something new that is useful to me.,Yes,09/17/2020 01:04 PM PDT - 09/17/2020 02:02 PM PDT (58 minutes),58 minutes,Thu,09/17/2020,1 hour 31 minutes
706213083,Mental Health Careers HPC Session,94,Student-45,Student-45,Student-45,Student-45,Survey,6,n/a,n/a,09/17/2020,02:02:41 PM PDT,What suggestions do you have for making the virtual HPC session better?,Maybe more interaction,Yes,09/17/2020 01:04 PM PDT - 09/17/2020 02:02 PM PDT (58 minutes),58 minutes,Thu,09/17/2020,1 hour 31 minutes
706213083,Mental Health Careers HPC Session,94,Student-45,Student-45,Student-45,Student-45,Survey,7,n/a,n/a,09/17/2020,02:02:41 PM PDT,Please share what you learned from this session.,How common mental health and depression and anxiety are,Yes,09/17/2020 01:04 PM PDT - 09/17/2020 02:02 PM PDT (58 minutes),58 minutes,Thu,09/17/2020,1 hour 31 minutes
706213083,Mental Health Careers HPC Session,94,Student-45,Student-45,Student-45,Student-45,Survey,8,n/a,n/a,09/17/2020,02:02:41 PM PDT,How likely is it that you would recommend the Health Professions Conference session to a friend?,10,Yes,09/17/2020 01:04 PM PDT - 09/17/2020 02:02 PM PDT (58 minutes),58 minutes,Thu,09/17/2020,1 hour 31 minutes
706213083,Mental Health Careers HPC Session,94,Student-45,Student-45,Student-45,Student-45,Survey,9,n/a,n/a,09/17/2020,02:02:41 PM PDT,What school do you attend?,Corona High School,Yes,09/17/2020 01:04 PM PDT - 09/17/2020 02:02 PM PDT (58 minutes),58 minutes,Thu,09/17/2020,1 hour 31 minutes
706213083,Mental Health Careers HPC Session,92,Student-46,Student-46,Student-46,Student-46,Poll,2,n/a,n/a,09/17/2020,02:00:28 PM PDT,How informed are you about careers in Mental Health? (Post),Very Informed,Yes,"09/17/2020 01:02 PM PDT - 09/17/2020 01:02 PM PDT (1 minute),09/17/2020 01:04 PM PDT - 09/17/2020 02:02 PM PDT (58 minutes)",58 minutes,Thu,09/17/2020,1 hour 31 minutes
706213083,Mental Health Careers HPC Session,92,Student-46,Student-46,Student-46,Student-46,Poll,3,n/a,n/a,09/17/2020,01:54:39 PM PDT,Which of the following careers in Behavioral Health interests you most?,"Clinical Therapist (MFT, LCSW, PCC)",Yes,"09/17/2020 01:02 PM PDT - 09/17/2020 01:02 PM PDT (1 minute),09/17/2020 01:04 PM PDT - 09/17/2020 02:02 PM PDT (58 minutes)",58 minutes,Thu,09/17/2020,1 hour 31 minutes
706213083,Mental Health Careers HPC Session,92,Student-46,Student-46,Student-46,Student-46,Poll,4,n/a,n/a,09/17/2020,02:00:50 PM PDT,How interested are you in pursuing a career in Mental Health (Post),Very Interested,Yes,"09/17/2020 01:02 PM PDT - 09/17/2020 01:02 PM PDT (1 minute),09/17/2020 01:04 PM PDT - 09/17/2020 02:02 PM PDT (58 minutes)",58 minutes,Thu,09/17/2020,1 hour 31 minutes
706213083,Mental Health Careers HPC Session,92,Student-46,Student-46,Student-46,Student-46,Survey,5,n/a,n/a,09/17/2020,02:03:32 PM PDT,What did you learn from this session?,I learned something new that is useful to me.,Yes,"09/17/2020 01:02 PM PDT - 09/17/2020 01:02 PM PDT (1 minute),09/17/2020 01:04 PM PDT - 09/17/2020 02:02 PM PDT (58 minutes)",58 minutes,Thu,09/17/2020,1 hour 31 minutes
706213083,Mental Health Careers HPC Session,92,Student-46,Student-46,Student-46,Student-46,Survey,6,n/a,n/a,09/17/2020,02:03:32 PM PDT,What suggestions do you have for making the virtual HPC session better?,More time for questions,Yes,"09/17/2020 01:02 PM PDT - 09/17/2020 01:02 PM PDT (1 minute),09/17/2020 01:04 PM PDT - 09/17/2020 02:02 PM PDT (58 minutes)",58 minutes,Thu,09/17/2020,1 hour 31 minutes
706213083,Mental Health Careers HPC Session,92,Student-46,Student-46,Student-46,Student-46,Survey,7,n/a,n/a,09/17/2020,02:03:32 PM PDT,Please share what you learned from this session.,"I learned the differences between clinical, psychologist, psychiatrists",Yes,"09/17/2020 01:02 PM PDT - 09/17/2020 01:02 PM PDT (1 minute),09/17/2020 01:04 PM PDT - 09/17/2020 02:02 PM PDT (58 minutes)",58 minutes,Thu,09/17/2020,1 hour 31 minutes
706213083,Mental Health Careers HPC Session,91,Student-47,Student-47,Student-47,Student-47,Poll,1,n/a,n/a,09/17/2020,02:00:28 PM PDT,How informed are you about careers in Mental Health? (Post),Very Informed,Yes,09/17/2020 01:00 PM PDT - 09/17/2020 02:02 PM PDT (1 hour 2 minutes),1 hour 2 minutes,Thu,09/17/2020,1 hour 31 minutes
706213083,Mental Health Careers HPC Session,91,Student-47,Student-47,Student-47,Student-47,Poll,2,n/a,n/a,09/17/2020,01:08:52 PM PDT,How informed are you about careers in Mental Health?,Somewhat informed,Yes,09/17/2020 01:00 PM PDT - 09/17/2020 02:02 PM PDT (1 hour 2 minutes),1 hour 2 minutes,Thu,09/17/2020,1 hour 31 minutes
706213083,Mental Health Careers HPC Session,97,Student-48,Student-48,Student-48,Student-48,Q&A,1,09/17/2020,01:36:18 PM PDT,,,encourage people to speak up and dont invalidate their feelings,,Yes,09/17/2020 01:03 PM PDT - 09/17/2020 02:02 PM PDT (59 minutes),59 minutes,Thu,09/17/2020,1 hour 31 minutes
706213083,Mental Health Careers HPC Session,97,Student-48,Student-48,Student-48,Student-48,Poll,2,n/a,n/a,09/17/2020,02:00:28 PM PDT,How informed are you about careers in Mental Health? (Post),Very Informed,Yes,09/17/2020 01:03 PM PDT - 09/17/2020 02:02 PM PDT (59 minutes),59 minutes,Thu,09/17/2020,1 hour 31 minutes
706213083,Mental Health Careers HPC Session,97,Student-48,Student-48,Student-48,Student-48,Poll,3,n/a,n/a,09/17/2020,01:54:39 PM PDT,Which of the following careers in Behavioral Health interests you most?,"Psychiatry (Nurse, MD, Technician)",Yes,09/17/2020 01:03 PM PDT - 09/17/2020 02:02 PM PDT (59 minutes),59 minutes,Thu,09/17/2020,1 hour 31 minutes
706213083,Mental Health Careers HPC Session,97,Student-48,Student-48,Student-48,Student-48,Poll,4,n/a,n/a,09/17/2020,01:10:35 PM PDT,How interested are you in pursuing a career in mental health?,Somewhat interested,Yes,09/17/2020 01:03 PM PDT - 09/17/2020 02:02 PM PDT (59 minutes),59 minutes,Thu,09/17/2020,1 hour 31 minutes
706213083,Mental Health Careers HPC Session,97,Student-48,Student-48,Student-48,Student-48,Poll,5,n/a,n/a,09/17/2020,01:08:52 PM PDT,How informed are you about careers in Mental Health?,Somewhat uninformed,Yes,09/17/2020 01:03 PM PDT - 09/17/2020 02:02 PM PDT (59 minutes),59 minutes,Thu,09/17/2020,1 hour 31 minutes
706213083,Mental Health Careers HPC Session,97,Student-48,Student-48,Student-48,Student-48,Poll,6,n/a,n/a,09/17/2020,02:00:50 PM PDT,How interested are you in pursuing a career in Mental Health (Post),Somewhat Interested,Yes,09/17/2020 01:03 PM PDT - 09/17/2020 02:02 PM PDT (59 minutes),59 minutes,Thu,09/17/2020,1 hour 31 minutes
706213083,Mental Health Careers HPC Session,97,Student-48,Student-48,Student-48,Student-48,Survey,7,n/a,n/a,09/17/2020,02:03:22 PM PDT,What did you learn from this session?,I learned something new that is useful to me.,Yes,09/17/2020 01:03 PM PDT - 09/17/2020 02:02 PM PDT (59 minutes),59 minutes,Thu,09/17/2020,1 hour 31 minutes
706213083,Mental Health Careers HPC Session,97,Student-48,Student-48,Student-48,Student-48,Survey,8,n/a,n/a,09/17/2020,02:03:22 PM PDT,What suggestions do you have for making the virtual HPC session better?,"None, it was good!",Yes,09/17/2020 01:03 PM PDT - 09/17/2020 02:02 PM PDT (59 minutes),59 minutes,Thu,09/17/2020,1 hour 31 minutes
706213083,Mental Health Careers HPC Session,97,Student-48,Student-48,Student-48,Student-48,Survey,9,n/a,n/a,09/17/2020,02:03:22 PM PDT,Please share what you learned from this session.,I learned about the wide range of jobs within certain fields pertaining to mental health.,Yes,09/17/2020 01:03 PM PDT - 09/17/2020 02:02 PM PDT (59 minutes),59 minutes,Thu,09/17/2020,1 hour 31 minutes
